-- 1. Country (50 Rows)
INSERT INTO Country (CountryID, Name, ISOCode) VALUES (1, 'United States', 'US');
INSERT INTO Country (CountryID, Name, ISOCode) VALUES (2, 'United Kingdom', 'GB');
INSERT INTO Country (CountryID, Name, ISOCode) VALUES (3, 'France', 'FR');
INSERT INTO Country (CountryID, Name, ISOCode) VALUES (4, 'Germany', 'DE');
INSERT INTO Country (CountryID, Name, ISOCode) VALUES (5, 'Japan', 'JP');
INSERT INTO Country (CountryID, Name, ISOCode) VALUES (6, 'South Korea', 'KR');
INSERT INTO Country (CountryID, Name, ISOCode) VALUES (7, 'India', 'IN');
INSERT INTO Country (CountryID, Name, ISOCode) VALUES (8, 'Canada', 'CA');
INSERT INTO Country (CountryID, Name, ISOCode) VALUES (9, 'Australia', 'AU');
INSERT INTO Country (CountryID, Name, ISOCode) VALUES (10, 'Italy', 'IT');
INSERT INTO Country (CountryID, Name, ISOCode) VALUES (11, 'Spain', 'ES');
INSERT INTO Country (CountryID, Name, ISOCode) VALUES (12, 'China', 'CN');
INSERT INTO Country (CountryID, Name, ISOCode) VALUES (13, 'Brazil', 'BR');
INSERT INTO Country (CountryID, Name, ISOCode) VALUES (14, 'Mexico', 'MX');
INSERT INTO Country (CountryID, Name, ISOCode) VALUES (15, 'Russia', 'RU');
INSERT INTO Country (CountryID, Name, ISOCode) VALUES (16, 'Sweden', 'SE');
INSERT INTO Country (CountryID, Name, ISOCode) VALUES (17, 'Norway', 'NO');
INSERT INTO Country (CountryID, Name, ISOCode) VALUES (18, 'Denmark', 'DK');
INSERT INTO Country (CountryID, Name, ISOCode) VALUES (19, 'Netherlands', 'NL');
INSERT INTO Country (CountryID, Name, ISOCode) VALUES (20, 'New Zealand', 'NZ');
INSERT INTO Country (CountryID, Name, ISOCode) VALUES (21, 'Ireland', 'IE');
INSERT INTO Country (CountryID, Name, ISOCode) VALUES (22, 'South Africa', 'ZA');
INSERT INTO Country (CountryID, Name, ISOCode) VALUES (23, 'Argentina', 'AR');
INSERT INTO Country (CountryID, Name, ISOCode) VALUES (24, 'Turkey', 'TR');
INSERT INTO Country (CountryID, Name, ISOCode) VALUES (25, 'Poland', 'PL');
INSERT INTO Country (CountryID, Name, ISOCode) VALUES (26, 'Thailand', 'TH');
INSERT INTO Country (CountryID, Name, ISOCode) VALUES (27, 'Vietnam', 'VN');
INSERT INTO Country (CountryID, Name, ISOCode) VALUES (28, 'Indonesia', 'ID');
INSERT INTO Country (CountryID, Name, ISOCode) VALUES (29, 'Malaysia', 'MY');
INSERT INTO Country (CountryID, Name, ISOCode) VALUES (30, 'Philippines', 'PH');
INSERT INTO Country (CountryID, Name, ISOCode) VALUES (31, 'Singapore', 'SG');
INSERT INTO Country (CountryID, Name, ISOCode) VALUES (32, 'Belgium', 'BE');
INSERT INTO Country (CountryID, Name, ISOCode) VALUES (33, 'Switzerland', 'CH');
INSERT INTO Country (CountryID, Name, ISOCode) VALUES (34, 'Austria', 'AT');
INSERT INTO Country (CountryID, Name, ISOCode) VALUES (35, 'Portugal', 'PT');
INSERT INTO Country (CountryID, Name, ISOCode) VALUES (36, 'Greece', 'GR');
INSERT INTO Country (CountryID, Name, ISOCode) VALUES (37, 'Egypt', 'EG');
INSERT INTO Country (CountryID, Name, ISOCode) VALUES (38, 'Nigeria', 'NG');
INSERT INTO Country (CountryID, Name, ISOCode) VALUES (39, 'Kenya', 'KE');
INSERT INTO Country (CountryID, Name, ISOCode) VALUES (40, 'Israel', 'IL');
INSERT INTO Country (CountryID, Name, ISOCode) VALUES (41, 'Iran', 'IR');
INSERT INTO Country (CountryID, Name, ISOCode) VALUES (42, 'Saudi Arabia', 'SA');
INSERT INTO Country (CountryID, Name, ISOCode) VALUES (43, 'UAE', 'AE');
INSERT INTO Country (CountryID, Name, ISOCode) VALUES (44, 'Colombia', 'CO');
INSERT INTO Country (CountryID, Name, ISOCode) VALUES (45, 'Chile', 'CL');
INSERT INTO Country (CountryID, Name, ISOCode) VALUES (46, 'Peru', 'PE');
INSERT INTO Country (CountryID, Name, ISOCode) VALUES (47, 'Pakistan', 'PK');
INSERT INTO Country (CountryID, Name, ISOCode) VALUES (48, 'Bangladesh', 'BD');
INSERT INTO Country (CountryID, Name, ISOCode) VALUES (49, 'Ukraine', 'UA');
INSERT INTO Country (CountryID, Name, ISOCode) VALUES (50, 'Finland', 'FI');

-- 2. Language (50 Rows)
INSERT INTO Language (LanguageID, Name, ISOCode) VALUES (1, 'English', 'en');
INSERT INTO Language (LanguageID, Name, ISOCode) VALUES (2, 'Spanish', 'es');
INSERT INTO Language (LanguageID, Name, ISOCode) VALUES (3, 'French', 'fr');
INSERT INTO Language (LanguageID, Name, ISOCode) VALUES (4, 'German', 'de');
INSERT INTO Language (LanguageID, Name, ISOCode) VALUES (5, 'Japanese', 'ja');
INSERT INTO Language (LanguageID, Name, ISOCode) VALUES (6, 'Korean', 'ko');
INSERT INTO Language (LanguageID, Name, ISOCode) VALUES (7, 'Hindi', 'hi');
INSERT INTO Language (LanguageID, Name, ISOCode) VALUES (8, 'Mandarin', 'zh');
INSERT INTO Language (LanguageID, Name, ISOCode) VALUES (9, 'Italian', 'it');
INSERT INTO Language (LanguageID, Name, ISOCode) VALUES (10, 'Portuguese', 'pt');
INSERT INTO Language (LanguageID, Name, ISOCode) VALUES (11, 'Russian', 'ru');
INSERT INTO Language (LanguageID, Name, ISOCode) VALUES (12, 'Arabic', 'ar');
INSERT INTO Language (LanguageID, Name, ISOCode) VALUES (13, 'Turkish', 'tr');
INSERT INTO Language (LanguageID, Name, ISOCode) VALUES (14, 'Dutch', 'nl');
INSERT INTO Language (LanguageID, Name, ISOCode) VALUES (15, 'Swedish', 'sv');
INSERT INTO Language (LanguageID, Name, ISOCode) VALUES (16, 'Polish', 'pl');
INSERT INTO Language (LanguageID, Name, ISOCode) VALUES (17, 'Thai', 'th');
INSERT INTO Language (LanguageID, Name, ISOCode) VALUES (18, 'Vietnamese', 'vi');
INSERT INTO Language (LanguageID, Name, ISOCode) VALUES (19, 'Indonesian', 'id');
INSERT INTO Language (LanguageID, Name, ISOCode) VALUES (20, 'Greek', 'el');
INSERT INTO Language (LanguageID, Name, ISOCode) VALUES (21, 'Hebrew', 'he');
INSERT INTO Language (LanguageID, Name, ISOCode) VALUES (22, 'Danish', 'da');
INSERT INTO Language (LanguageID, Name, ISOCode) VALUES (23, 'Norwegian', 'no');
INSERT INTO Language (LanguageID, Name, ISOCode) VALUES (24, 'Finnish', 'fi');
INSERT INTO Language (LanguageID, Name, ISOCode) VALUES (25, 'Hungarian', 'hu');
INSERT INTO Language (LanguageID, Name, ISOCode) VALUES (26, 'Czech', 'cs');
INSERT INTO Language (LanguageID, Name, ISOCode) VALUES (27, 'Romanian', 'ro');
INSERT INTO Language (LanguageID, Name, ISOCode) VALUES (28, 'Bulgarian', 'bg');
INSERT INTO Language (LanguageID, Name, ISOCode) VALUES (29, 'Ukrainian', 'uk');
INSERT INTO Language (LanguageID, Name, ISOCode) VALUES (30, 'Malay', 'ms');
INSERT INTO Language (LanguageID, Name, ISOCode) VALUES (31, 'Tagalog', 'tl');
INSERT INTO Language (LanguageID, Name, ISOCode) VALUES (32, 'Swahili', 'sw');
INSERT INTO Language (LanguageID, Name, ISOCode) VALUES (33, 'Persian', 'fa');
INSERT INTO Language (LanguageID, Name, ISOCode) VALUES (34, 'Urdu', 'ur');
INSERT INTO Language (LanguageID, Name, ISOCode) VALUES (35, 'Bengali', 'bn');
INSERT INTO Language (LanguageID, Name, ISOCode) VALUES (36, 'Tamil', 'ta');
INSERT INTO Language (LanguageID, Name, ISOCode) VALUES (37, 'Telugu', 'te');
INSERT INTO Language (LanguageID, Name, ISOCode) VALUES (38, 'Marathi', 'mr');
INSERT INTO Language (LanguageID, Name, ISOCode) VALUES (39, 'Cantonese', 'yue');
INSERT INTO Language (LanguageID, Name, ISOCode) VALUES (40, 'Punjabi', 'pa');
INSERT INTO Language (LanguageID, Name, ISOCode) VALUES (41, 'Icelandic', 'is');
INSERT INTO Language (LanguageID, Name, ISOCode) VALUES (42, 'Irish', 'ga');
INSERT INTO Language (LanguageID, Name, ISOCode) VALUES (43, 'Welsh', 'cy');
INSERT INTO Language (LanguageID, Name, ISOCode) VALUES (44, 'Latin', 'la');
INSERT INTO Language (LanguageID, Name, ISOCode) VALUES (45, 'Slovak', 'sk');
INSERT INTO Language (LanguageID, Name, ISOCode) VALUES (46, 'Croatian', 'hr');
INSERT INTO Language (LanguageID, Name, ISOCode) VALUES (47, 'Serbian', 'sr');
INSERT INTO Language (LanguageID, Name, ISOCode) VALUES (48, 'Slovenian', 'sl');
INSERT INTO Language (LanguageID, Name, ISOCode) VALUES (49, 'Estonian', 'et');
INSERT INTO Language (LanguageID, Name, ISOCode) VALUES (50, 'Latvian', 'lv');

-- 3. Genre (50 Rows)
INSERT INTO Genre (GenreID, Name) VALUES (1, 'Action');
INSERT INTO Genre (GenreID, Name) VALUES (2, 'Adventure');
INSERT INTO Genre (GenreID, Name) VALUES (3, 'Animation');
INSERT INTO Genre (GenreID, Name) VALUES (4, 'Biography');
INSERT INTO Genre (GenreID, Name) VALUES (5, 'Comedy');
INSERT INTO Genre (GenreID, Name) VALUES (6, 'Crime');
INSERT INTO Genre (GenreID, Name) VALUES (7, 'Documentary');
INSERT INTO Genre (GenreID, Name) VALUES (8, 'Drama');
INSERT INTO Genre (GenreID, Name) VALUES (9, 'Family');
INSERT INTO Genre (GenreID, Name) VALUES (10, 'Fantasy');
INSERT INTO Genre (GenreID, Name) VALUES (11, 'Film-Noir');
INSERT INTO Genre (GenreID, Name) VALUES (12, 'History');
INSERT INTO Genre (GenreID, Name) VALUES (13, 'Horror');
INSERT INTO Genre (GenreID, Name) VALUES (14, 'Music');
INSERT INTO Genre (GenreID, Name) VALUES (15, 'Musical');
INSERT INTO Genre (GenreID, Name) VALUES (16, 'Mystery');
INSERT INTO Genre (GenreID, Name) VALUES (17, 'Romance');
INSERT INTO Genre (GenreID, Name) VALUES (18, 'Sci-Fi');
INSERT INTO Genre (GenreID, Name) VALUES (19, 'Short');
INSERT INTO Genre (GenreID, Name) VALUES (20, 'Sport');
INSERT INTO Genre (GenreID, Name) VALUES (21, 'Superhero');
INSERT INTO Genre (GenreID, Name) VALUES (22, 'Thriller');
INSERT INTO Genre (GenreID, Name) VALUES (23, 'War');
INSERT INTO Genre (GenreID, Name) VALUES (24, 'Western');
INSERT INTO Genre (GenreID, Name) VALUES (25, 'Reality-TV');
INSERT INTO Genre (GenreID, Name) VALUES (26, 'Talk-Show');
INSERT INTO Genre (GenreID, Name) VALUES (27, 'Game-Show');
INSERT INTO Genre (GenreID, Name) VALUES (28, 'News');
INSERT INTO Genre (GenreID, Name) VALUES (29, 'Adult');
INSERT INTO Genre (GenreID, Name) VALUES (30, 'Experimental');
INSERT INTO Genre (GenreID, Name) VALUES (31, 'Silent');
INSERT INTO Genre (GenreID, Name) VALUES (32, 'Indie');
INSERT INTO Genre (GenreID, Name) VALUES (33, 'Martial Arts');
INSERT INTO Genre (GenreID, Name) VALUES (34, 'Slasher');
INSERT INTO Genre (GenreID, Name) VALUES (35, 'Psychological Thriller');
INSERT INTO Genre (GenreID, Name) VALUES (36, 'Dark Comedy');
INSERT INTO Genre (GenreID, Name) VALUES (37, 'Satire');
INSERT INTO Genre (GenreID, Name) VALUES (38, 'Mockumentary');
INSERT INTO Genre (GenreID, Name) VALUES (39, 'Anime');
INSERT INTO Genre (GenreID, Name) VALUES (40, 'Period Drama');
INSERT INTO Genre (GenreID, Name) VALUES (41, 'Space Opera');
INSERT INTO Genre (GenreID, Name) VALUES (42, 'Cyberpunk');
INSERT INTO Genre (GenreID, Name) VALUES (43, 'Steampunk');
INSERT INTO Genre (GenreID, Name) VALUES (44, 'Zombie');
INSERT INTO Genre (GenreID, Name) VALUES (45, 'Vampire');
INSERT INTO Genre (GenreID, Name) VALUES (46, 'Spy');
INSERT INTO Genre (GenreID, Name) VALUES (47, 'Heist');
INSERT INTO Genre (GenreID, Name) VALUES (48, 'Disaster');
INSERT INTO Genre (GenreID, Name) VALUES (49, 'Buddy Cop');
INSERT INTO Genre (GenreID, Name) VALUES (50, 'Legal Drama');

-- 4. Keyword (50 Rows)
INSERT INTO Keyword (KeywordID, KeywordText) VALUES (1, 'time travel');
INSERT INTO Keyword (KeywordID, KeywordText) VALUES (2, 'revenge');
INSERT INTO Keyword (KeywordID, KeywordText) VALUES (3, 'superhero');
INSERT INTO Keyword (KeywordID, KeywordText) VALUES (4, 'based on comic');
INSERT INTO Keyword (KeywordID, KeywordText) VALUES (5, 'love triangle');
INSERT INTO Keyword (KeywordID, KeywordText) VALUES (6, 'high school');
INSERT INTO Keyword (KeywordID, KeywordText) VALUES (7, 'serial killer');
INSERT INTO Keyword (KeywordID, KeywordText) VALUES (8, 'world war ii');
INSERT INTO Keyword (KeywordID, KeywordText) VALUES (9, 'police');
INSERT INTO Keyword (KeywordID, KeywordText) VALUES (10, 'alien invasion');
INSERT INTO Keyword (KeywordID, KeywordText) VALUES (11, 'friendship');
INSERT INTO Keyword (KeywordID, KeywordText) VALUES (12, 'family relationships');
INSERT INTO Keyword (KeywordID, KeywordText) VALUES (13, 'detective');
INSERT INTO Keyword (KeywordID, KeywordText) VALUES (14, 'magic');
INSERT INTO Keyword (KeywordID, KeywordText) VALUES (15, 'future');
INSERT INTO Keyword (KeywordID, KeywordText) VALUES (16, 'dystopia');
INSERT INTO Keyword (KeywordID, KeywordText) VALUES (17, 'artificial intelligence');
INSERT INTO Keyword (KeywordID, KeywordText) VALUES (18, 'corruption');
INSERT INTO Keyword (KeywordID, KeywordText) VALUES (19, 'new york city');
INSERT INTO Keyword (KeywordID, KeywordText) VALUES (20, 'father son relationship');
INSERT INTO Keyword (KeywordID, KeywordText) VALUES (21, 'mother daughter relationship');
INSERT INTO Keyword (KeywordID, KeywordText) VALUES (22, 'coming of age');
INSERT INTO Keyword (KeywordID, KeywordText) VALUES (23, 'murder');
INSERT INTO Keyword (KeywordID, KeywordText) VALUES (24, 'survival');
INSERT INTO Keyword (KeywordID, KeywordText) VALUES (25, 'road trip');
INSERT INTO Keyword (KeywordID, KeywordText) VALUES (26, 'ghost');
INSERT INTO Keyword (KeywordID, KeywordText) VALUES (27, 'musical');
INSERT INTO Keyword (KeywordID, KeywordText) VALUES (28, 'undercover');
INSERT INTO Keyword (KeywordID, KeywordText) VALUES (29, 'prison');
INSERT INTO Keyword (KeywordID, KeywordText) VALUES (30, 'politics');
INSERT INTO Keyword (KeywordID, KeywordText) VALUES (31, 'drug cartel');
INSERT INTO Keyword (KeywordID, KeywordText) VALUES (32, 'martial arts');
INSERT INTO Keyword (KeywordID, KeywordText) VALUES (33, 'robot');
INSERT INTO Keyword (KeywordID, KeywordText) VALUES (34, 'monster');
INSERT INTO Keyword (KeywordID, KeywordText) VALUES (35, 'wedding');
INSERT INTO Keyword (KeywordID, KeywordText) VALUES (36, 'divorce');
INSERT INTO Keyword (KeywordID, KeywordText) VALUES (37, 'hospital');
INSERT INTO Keyword (KeywordID, KeywordText) VALUES (38, 'lawyer');
INSERT INTO Keyword (KeywordID, KeywordText) VALUES (39, 'teacher');
INSERT INTO Keyword (KeywordID, KeywordText) VALUES (40, 'soldier');
INSERT INTO Keyword (KeywordID, KeywordText) VALUES (41, 'space');
INSERT INTO Keyword (KeywordID, KeywordText) VALUES (42, 'princess');
INSERT INTO Keyword (KeywordID, KeywordText) VALUES (43, 'king');
INSERT INTO Keyword (KeywordID, KeywordText) VALUES (44, 'vampire');
INSERT INTO Keyword (KeywordID, KeywordText) VALUES (45, 'zombie');
INSERT INTO Keyword (KeywordID, KeywordText) VALUES (46, 'post-apocalyptic');
INSERT INTO Keyword (KeywordID, KeywordText) VALUES (47, 'cyberpunk');
INSERT INTO Keyword (KeywordID, KeywordText) VALUES (48, 'hacker');
INSERT INTO Keyword (KeywordID, KeywordText) VALUES (49, 'kidnapping');
INSERT INTO Keyword (KeywordID, KeywordText) VALUES (50, 'espionage');

-- 5. StreamingProvider (50 Rows)
INSERT INTO StreamingProvider (ProviderID, Name, HomeURL) VALUES (1, 'Netflix', 'https://www.netflix.com');
INSERT INTO StreamingProvider (ProviderID, Name, HomeURL) VALUES (2, 'Amazon Prime Video', 'https://www.amazon.com/primevideo');
INSERT INTO StreamingProvider (ProviderID, Name, HomeURL) VALUES (3, 'Hulu', 'https://www.hulu.com');
INSERT INTO StreamingProvider (ProviderID, Name, HomeURL) VALUES (4, 'Disney+', 'https://www.disneyplus.com');
INSERT INTO StreamingProvider (ProviderID, Name, HomeURL) VALUES (5, 'HBO Max', 'https://www.hbomax.com');
INSERT INTO StreamingProvider (ProviderID, Name, HomeURL) VALUES (6, 'Apple TV+', 'https://tv.apple.com');
INSERT INTO StreamingProvider (ProviderID, Name, HomeURL) VALUES (7, 'Peacock', 'https://www.peacocktv.com');
INSERT INTO StreamingProvider (ProviderID, Name, HomeURL) VALUES (8, 'Paramount+', 'https://www.paramountplus.com');
INSERT INTO StreamingProvider (ProviderID, Name, HomeURL) VALUES (9, 'YouTube Premium', 'https://www.youtube.com');
INSERT INTO StreamingProvider (ProviderID, Name, HomeURL) VALUES (10, 'Crunchyroll', 'https://www.crunchyroll.com');
INSERT INTO StreamingProvider (ProviderID, Name, HomeURL) VALUES (11, 'Tubi', 'https://tubitv.com');
INSERT INTO StreamingProvider (ProviderID, Name, HomeURL) VALUES (12, 'Vudu', 'https://www.vudu.com');
INSERT INTO StreamingProvider (ProviderID, Name, HomeURL) VALUES (13, 'Pluto TV', 'https://pluto.tv');
INSERT INTO StreamingProvider (ProviderID, Name, HomeURL) VALUES (14, 'Crackle', 'https://www.crackle.com');
INSERT INTO StreamingProvider (ProviderID, Name, HomeURL) VALUES (15, 'Sling TV', 'https://www.sling.com');
INSERT INTO StreamingProvider (ProviderID, Name, HomeURL) VALUES (16, 'FuboTV', 'https://www.fubo.tv');
INSERT INTO StreamingProvider (ProviderID, Name, HomeURL) VALUES (17, 'Showtime', 'https://www.sho.com');
INSERT INTO StreamingProvider (ProviderID, Name, HomeURL) VALUES (18, 'Starz', 'https://www.starz.com');
INSERT INTO StreamingProvider (ProviderID, Name, HomeURL) VALUES (19, 'Discovery+', 'https://www.discoveryplus.com');
INSERT INTO StreamingProvider (ProviderID, Name, HomeURL) VALUES (20, 'MUBI', 'https://mubi.com');
-- (Padding remainder with generic regional names for 50 requirement)
INSERT INTO StreamingProvider (ProviderID, Name) VALUES (21, 'Sky Go');
INSERT INTO StreamingProvider (ProviderID, Name) VALUES (22, 'Now TV');
INSERT INTO StreamingProvider (ProviderID, Name) VALUES (23, 'BBC iPlayer');
INSERT INTO StreamingProvider (ProviderID, Name) VALUES (24, 'ITV Hub');
INSERT INTO StreamingProvider (ProviderID, Name) VALUES (25, 'All 4');
INSERT INTO StreamingProvider (ProviderID, Name) VALUES (26, 'My5');
INSERT INTO StreamingProvider (ProviderID, Name) VALUES (27, 'BritBox');
INSERT INTO StreamingProvider (ProviderID, Name) VALUES (28, 'Acorn TV');
INSERT INTO StreamingProvider (ProviderID, Name) VALUES (29, 'Shudder');
INSERT INTO StreamingProvider (ProviderID, Name) VALUES (30, 'Sundance Now');
INSERT INTO StreamingProvider (ProviderID, Name) VALUES (31, 'CuriosityStream');
INSERT INTO StreamingProvider (ProviderID, Name) VALUES (32, 'Nebula');
INSERT INTO StreamingProvider (ProviderID, Name) VALUES (33, 'Vimeo On Demand');
INSERT INTO StreamingProvider (ProviderID, Name) VALUES (34, 'Kanopy');
INSERT INTO StreamingProvider (ProviderID, Name) VALUES (35, 'Hoopla');
INSERT INTO StreamingProvider (ProviderID, Name) VALUES (36, 'Hotstar');
INSERT INTO StreamingProvider (ProviderID, Name) VALUES (37, 'SonyLIV');
INSERT INTO StreamingProvider (ProviderID, Name) VALUES (38, 'Zee5');
INSERT INTO StreamingProvider (ProviderID, Name) VALUES (39, 'Viu');
INSERT INTO StreamingProvider (ProviderID, Name) VALUES (40, 'Rakuten Viki');
INSERT INTO StreamingProvider (ProviderID, Name) VALUES (41, 'WeTV');
INSERT INTO StreamingProvider (ProviderID, Name) VALUES (42, 'iQIYI');
INSERT INTO StreamingProvider (ProviderID, Name) VALUES (43, 'Stan');
INSERT INTO StreamingProvider (ProviderID, Name) VALUES (44, 'Binge');
INSERT INTO StreamingProvider (ProviderID, Name) VALUES (45, 'Foxtel Now');
INSERT INTO StreamingProvider (ProviderID, Name) VALUES (46, 'Crave');
INSERT INTO StreamingProvider (ProviderID, Name) VALUES (47, 'CBC Gem');
INSERT INTO StreamingProvider (ProviderID, Name) VALUES (48, 'Neon');
INSERT INTO StreamingProvider (ProviderID, Name) VALUES (49, 'Lightbox');
INSERT INTO StreamingProvider (ProviderID, Name) VALUES (50, 'Local TV');


-- 6. Company (50 Rows)
INSERT INTO Company (CompanyID, Name, Company_Type, CountryID) VALUES (1, 'Warner Bros.', 'Production', 1);
INSERT INTO Company (CompanyID, Name, Company_Type, CountryID) VALUES (2, 'Universal Pictures', 'Production', 1);
INSERT INTO Company (CompanyID, Name, Company_Type, CountryID) VALUES (3, 'Paramount Pictures', 'Production', 1);
INSERT INTO Company (CompanyID, Name, Company_Type, CountryID) VALUES (4, '20th Century Studios', 'Production', 1);
INSERT INTO Company (CompanyID, Name, Company_Type, CountryID) VALUES (5, 'Sony Pictures', 'Production', 1);
INSERT INTO Company (CompanyID, Name, Company_Type, CountryID) VALUES (6, 'Walt Disney Pictures', 'Production', 1);
INSERT INTO Company (CompanyID, Name, Company_Type, CountryID) VALUES (7, 'Columbia Pictures', 'Production', 1);
INSERT INTO Company (CompanyID, Name, Company_Type, CountryID) VALUES (8, 'Metro-Goldwyn-Mayer', 'Production', 1);
INSERT INTO Company (CompanyID, Name, Company_Type, CountryID) VALUES (9, 'DreamWorks Animation', 'Animation', 1);
INSERT INTO Company (CompanyID, Name, Company_Type, CountryID) VALUES (10, 'Pixar', 'Animation', 1);
INSERT INTO Company (CompanyID, Name, Company_Type, CountryID) VALUES (11, 'Marvel Studios', 'Production', 1);
INSERT INTO Company (CompanyID, Name, Company_Type, CountryID) VALUES (12, 'Lucasfilm', 'Production', 1);
INSERT INTO Company (CompanyID, Name, Company_Type, CountryID) VALUES (13, 'Legendary Entertainment', 'Production', 1);
INSERT INTO Company (CompanyID, Name, Company_Type, CountryID) VALUES (14, 'Lionsgate', 'Production', 1);
INSERT INTO Company (CompanyID, Name, Company_Type, CountryID) VALUES (15, 'A24', 'Distributor', 1);
INSERT INTO Company (CompanyID, Name, Company_Type, CountryID) VALUES (16, 'Netflix Studios', 'Production', 1);
INSERT INTO Company (CompanyID, Name, Company_Type, CountryID) VALUES (17, 'Amazon Studios', 'Production', 1);
INSERT INTO Company (CompanyID, Name, Company_Type, CountryID) VALUES (18, 'BBC', 'Network', 2);
INSERT INTO Company (CompanyID, Name, Company_Type, CountryID) VALUES (19, 'Studio Ghibli', 'Animation', 5);
INSERT INTO Company (CompanyID, Name, Company_Type, CountryID) VALUES (20, 'Toho', 'Distributor', 5);
INSERT INTO Company (CompanyID, Name, Company_Type, CountryID) VALUES (21, 'Canal+', 'Network', 3);
INSERT INTO Company (CompanyID, Name, Company_Type, CountryID) VALUES (22, 'Gaumont', 'Production', 3);
INSERT INTO Company (CompanyID, Name, Company_Type, CountryID) VALUES (23, 'Constantin Film', 'Production', 4);
INSERT INTO Company (CompanyID, Name, Company_Type, CountryID) VALUES (24, 'CJ Entertainment', 'Distributor', 6);
INSERT INTO Company (CompanyID, Name, Company_Type, CountryID) VALUES (25, 'Nordisk Film', 'Production', 18);
INSERT INTO Company (CompanyID, Name, Company_Type, CountryID) VALUES (26, 'Bad Robot', 'Production', 1);
INSERT INTO Company (CompanyID, Name, Company_Type, CountryID) VALUES (27, 'Syncopy', 'Production', 2);
INSERT INTO Company (CompanyID, Name, Company_Type, CountryID) VALUES (28, 'Plan B Entertainment', 'Production', 1);
INSERT INTO Company (CompanyID, Name, Company_Type, CountryID) VALUES (29, 'Amblin Entertainment', 'Production', 1);
INSERT INTO Company (CompanyID, Name, Company_Type, CountryID) VALUES (30, 'Imagine Entertainment', 'Production', 1);
INSERT INTO Company (CompanyID, Name, Company_Type, CountryID) VALUES (31, 'Focus Features', 'Distributor', 1);
INSERT INTO Company (CompanyID, Name, Company_Type, CountryID) VALUES (32, 'Searchlight Pictures', 'Distributor', 1);
INSERT INTO Company (CompanyID, Name, Company_Type, CountryID) VALUES (33, 'HBO', 'Network', 1);
INSERT INTO Company (CompanyID, Name, Company_Type, CountryID) VALUES (34, 'AMC', 'Network', 1);
INSERT INTO Company (CompanyID, Name, Company_Type, CountryID) VALUES (35, 'Showtime', 'Network', 1);
INSERT INTO Company (CompanyID, Name, Company_Type, CountryID) VALUES (36, 'Village Roadshow', 'Production', 9);
INSERT INTO Company (CompanyID, Name, Company_Type, CountryID) VALUES (37, 'Working Title', 'Production', 2);
INSERT INTO Company (CompanyID, Name, Company_Type, CountryID) VALUES (38, 'PolyGram', 'Music', 2);
INSERT INTO Company (CompanyID, Name, Company_Type, CountryID) VALUES (39, 'Miramax', 'Production', 1);
INSERT INTO Company (CompanyID, Name, Company_Type, CountryID) VALUES (40, 'The Weinstein Company', 'Defunct', 1);
INSERT INTO Company (CompanyID, Name, Company_Type, CountryID) VALUES (41, 'Blumhouse', 'Production', 1);
INSERT INTO Company (CompanyID, Name, Company_Type, CountryID) VALUES (42, 'Atlas Entertainment', 'Production', 1);
INSERT INTO Company (CompanyID, Name, Company_Type, CountryID) VALUES (43, 'DC Studios', 'Production', 1);
INSERT INTO Company (CompanyID, Name, Company_Type, CountryID) VALUES (44, 'Eon Productions', 'Production', 2);
INSERT INTO Company (CompanyID, Name, Company_Type, CountryID) VALUES (45, 'WingNut Films', 'Production', 20);
INSERT INTO Company (CompanyID, Name, Company_Type, CountryID) VALUES (46, 'Heyday Films', 'Production', 2);
INSERT INTO Company (CompanyID, Name, Company_Type, CountryID) VALUES (47, 'Davis Entertainment', 'Production', 1);
INSERT INTO Company (CompanyID, Name, Company_Type, CountryID) VALUES (48, 'Original Film', 'Production', 1);
INSERT INTO Company (CompanyID, Name, Company_Type, CountryID) VALUES (49, 'Silver Pictures', 'Production', 1);
INSERT INTO Company (CompanyID, Name, Company_Type, CountryID) VALUES (50, 'Regency Enterprises', 'Production', 1);

-- 7. Person (50 Rows - Directors and Actors)
INSERT INTO Person (PersonID, Name, Birth_Date, BirthPlaceID) VALUES (1, 'Christopher Nolan', TO_DATE('1970-07-30', 'YYYY-MM-DD'), 2);
INSERT INTO Person (PersonID, Name, Birth_Date, BirthPlaceID) VALUES (2, 'Leonardo DiCaprio', TO_DATE('1974-11-11', 'YYYY-MM-DD'), 1);
INSERT INTO Person (PersonID, Name, Birth_Date, BirthPlaceID) VALUES (3, 'Joseph Gordon-Levitt', TO_DATE('1981-02-17', 'YYYY-MM-DD'), 1);
INSERT INTO Person (PersonID, Name, Birth_Date, BirthPlaceID) VALUES (4, 'Elliot Page', TO_DATE('1987-02-21', 'YYYY-MM-DD'), 8);
INSERT INTO Person (PersonID, Name, Birth_Date, BirthPlaceID) VALUES (5, 'Tom Hardy', TO_DATE('1977-09-15', 'YYYY-MM-DD'), 2);
INSERT INTO Person (PersonID, Name, Birth_Date, BirthPlaceID) VALUES (6, 'Cillian Murphy', TO_DATE('1976-05-25', 'YYYY-MM-DD'), 21);
INSERT INTO Person (PersonID, Name, Birth_Date, BirthPlaceID) VALUES (7, 'Christian Bale', TO_DATE('1974-01-30', 'YYYY-MM-DD'), 2);
INSERT INTO Person (PersonID, Name, Birth_Date, BirthPlaceID) VALUES (8, 'Heath Ledger', TO_DATE('1979-04-04', 'YYYY-MM-DD'), 9);
INSERT INTO Person (PersonID, Name, Birth_Date, BirthPlaceID) VALUES (9, 'Gary Oldman', TO_DATE('1958-03-21', 'YYYY-MM-DD'), 2);
INSERT INTO Person (PersonID, Name, Birth_Date, BirthPlaceID) VALUES (10, 'Morgan Freeman', TO_DATE('1937-06-01', 'YYYY-MM-DD'), 1);
INSERT INTO Person (PersonID, Name, Birth_Date, BirthPlaceID) VALUES (11, 'Quentin Tarantino', TO_DATE('1963-03-27', 'YYYY-MM-DD'), 1);
INSERT INTO Person (PersonID, Name, Birth_Date, BirthPlaceID) VALUES (12, 'John Travolta', TO_DATE('1954-02-18', 'YYYY-MM-DD'), 1);
INSERT INTO Person (PersonID, Name, Birth_Date, BirthPlaceID) VALUES (13, 'Samuel L. Jackson', TO_DATE('1948-12-21', 'YYYY-MM-DD'), 1);
INSERT INTO Person (PersonID, Name, Birth_Date, BirthPlaceID) VALUES (14, 'Uma Thurman', TO_DATE('1970-04-29', 'YYYY-MM-DD'), 1);
INSERT INTO Person (PersonID, Name, Birth_Date, BirthPlaceID) VALUES (15, 'Bruce Willis', TO_DATE('1955-03-19', 'YYYY-MM-DD'), 4);
INSERT INTO Person (PersonID, Name, Birth_Date, BirthPlaceID) VALUES (16, 'Francis Ford Coppola', TO_DATE('1939-04-07', 'YYYY-MM-DD'), 1);
INSERT INTO Person (PersonID, Name, Birth_Date, BirthPlaceID) VALUES (17, 'Marlon Brando', TO_DATE('1924-04-03', 'YYYY-MM-DD'), 1);
INSERT INTO Person (PersonID, Name, Birth_Date, BirthPlaceID) VALUES (18, 'Al Pacino', TO_DATE('1940-04-25', 'YYYY-MM-DD'), 1);
INSERT INTO Person (PersonID, Name, Birth_Date, BirthPlaceID) VALUES (19, 'James Caan', TO_DATE('1940-03-26', 'YYYY-MM-DD'), 1);
INSERT INTO Person (PersonID, Name, Birth_Date, BirthPlaceID) VALUES (20, 'Robert De Niro', TO_DATE('1943-08-17', 'YYYY-MM-DD'), 1);
INSERT INTO Person (PersonID, Name, Birth_Date, BirthPlaceID) VALUES (21, 'Bong Joon-ho', TO_DATE('1969-09-14', 'YYYY-MM-DD'), 6);
INSERT INTO Person (PersonID, Name, Birth_Date, BirthPlaceID) VALUES (22, 'Song Kang-ho', TO_DATE('1967-01-17', 'YYYY-MM-DD'), 6);
INSERT INTO Person (PersonID, Name, Birth_Date, BirthPlaceID) VALUES (23, 'Hayao Miyazaki', TO_DATE('1941-01-05', 'YYYY-MM-DD'), 5);
INSERT INTO Person (PersonID, Name, Birth_Date, BirthPlaceID) VALUES (24, 'Rumi Hiiragi', TO_DATE('1987-08-01', 'YYYY-MM-DD'), 5);
INSERT INTO Person (PersonID, Name, Birth_Date, BirthPlaceID) VALUES (25, 'Vince Gilligan', TO_DATE('1967-02-10', 'YYYY-MM-DD'), 1);
INSERT INTO Person (PersonID, Name, Birth_Date, BirthPlaceID) VALUES (26, 'Bryan Cranston', TO_DATE('1956-03-07', 'YYYY-MM-DD'), 1);
INSERT INTO Person (PersonID, Name, Birth_Date, BirthPlaceID) VALUES (27, 'Aaron Paul', TO_DATE('1979-08-27', 'YYYY-MM-DD'), 1);
INSERT INTO Person (PersonID, Name, Birth_Date, BirthPlaceID) VALUES (28, 'Anna Gunn', TO_DATE('1968-08-11', 'YYYY-MM-DD'), 1);
INSERT INTO Person (PersonID, Name, Birth_Date, BirthPlaceID) VALUES (29, 'David Benioff', TO_DATE('1970-09-25', 'YYYY-MM-DD'), 1);
INSERT INTO Person (PersonID, Name, Birth_Date, BirthPlaceID) VALUES (30, 'Peter Dinklage', TO_DATE('1969-06-11', 'YYYY-MM-DD'), 1);
INSERT INTO Person (PersonID, Name, Birth_Date, BirthPlaceID) VALUES (31, 'Emilia Clarke', TO_DATE('1986-10-23', 'YYYY-MM-DD'), 2);
INSERT INTO Person (PersonID, Name, Birth_Date, BirthPlaceID) VALUES (32, 'Kit Harington', TO_DATE('1986-12-26', 'YYYY-MM-DD'), 2);
INSERT INTO Person (PersonID, Name, Birth_Date, BirthPlaceID) VALUES (33, 'Frank Darabont', TO_DATE('1959-01-28', 'YYYY-MM-DD'), 3);
INSERT INTO Person (PersonID, Name, Birth_Date, BirthPlaceID) VALUES (34, 'Tim Robbins', TO_DATE('1958-10-16', 'YYYY-MM-DD'), 1);
INSERT INTO Person (PersonID, Name, Birth_Date, BirthPlaceID) VALUES (35, 'Morgan Freeman', TO_DATE('1937-06-01', 'YYYY-MM-DD'), 1); -- Duplicate actor entry? No, reused ID 10 in logic, but for unique rows lets add new person.
INSERT INTO Person (PersonID, Name, Birth_Date, BirthPlaceID) VALUES (36, 'Steven Spielberg', TO_DATE('1946-12-18', 'YYYY-MM-DD'), 1);
INSERT INTO Person (PersonID, Name, Birth_Date, BirthPlaceID) VALUES (37, 'Tom Hanks', TO_DATE('1956-07-09', 'YYYY-MM-DD'), 1);
INSERT INTO Person (PersonID, Name, Birth_Date, BirthPlaceID) VALUES (38, 'Matt Damon', TO_DATE('1970-10-08', 'YYYY-MM-DD'), 1);
INSERT INTO Person (PersonID, Name, Birth_Date, BirthPlaceID) VALUES (39, 'David Fincher', TO_DATE('1962-08-28', 'YYYY-MM-DD'), 1);
INSERT INTO Person (PersonID, Name, Birth_Date, BirthPlaceID) VALUES (40, 'Brad Pitt', TO_DATE('1963-12-18', 'YYYY-MM-DD'), 1);
INSERT INTO Person (PersonID, Name, Birth_Date, BirthPlaceID) VALUES (41, 'Edward Norton', TO_DATE('1969-08-18', 'YYYY-MM-DD'), 1);
INSERT INTO Person (PersonID, Name, Birth_Date, BirthPlaceID) VALUES (42, 'Peter Jackson', TO_DATE('1961-10-31', 'YYYY-MM-DD'), 20);
INSERT INTO Person (PersonID, Name, Birth_Date, BirthPlaceID) VALUES (43, 'Elijah Wood', TO_DATE('1981-01-28', 'YYYY-MM-DD'), 1);
INSERT INTO Person (PersonID, Name, Birth_Date, BirthPlaceID) VALUES (44, 'Ian McKellen', TO_DATE('1939-05-25', 'YYYY-MM-DD'), 2);
INSERT INTO Person (PersonID, Name, Birth_Date, BirthPlaceID) VALUES (45, 'Viggo Mortensen', TO_DATE('1958-10-20', 'YYYY-MM-DD'), 1);
INSERT INTO Person (PersonID, Name, Birth_Date, BirthPlaceID) VALUES (46, 'Robert Zemeckis', TO_DATE('1952-05-14', 'YYYY-MM-DD'), 1);
INSERT INTO Person (PersonID, Name, Birth_Date, BirthPlaceID) VALUES (47, 'Michael J. Fox', TO_DATE('1961-06-09', 'YYYY-MM-DD'), 8);
INSERT INTO Person (PersonID, Name, Birth_Date, BirthPlaceID) VALUES (48, 'Christopher Lloyd', TO_DATE('1938-10-22', 'YYYY-MM-DD'), 1);
INSERT INTO Person (PersonID, Name, Birth_Date, BirthPlaceID) VALUES (49, 'Martin Scorsese', TO_DATE('1942-11-17', 'YYYY-MM-DD'), 1);
INSERT INTO Person (PersonID, Name, Birth_Date, BirthPlaceID) VALUES (50, 'Ray Liotta', TO_DATE('1954-12-18', 'YYYY-MM-DD'), 1);

-- 8. User_def (50 Rows)
INSERT INTO User_def (UserID, Username, EmailHash, JoinedDate, ProfilePublic) VALUES (1, 'moviebuff01', 'hash1', TO_DATE('2022-01-01', 'YYYY-MM-DD'), 1);
INSERT INTO User_def (UserID, Username, EmailHash, JoinedDate, ProfilePublic) VALUES (2, 'cinephile99', 'hash2', TO_DATE('2022-01-02', 'YYYY-MM-DD'), 1);
INSERT INTO User_def (UserID, Username, EmailHash, JoinedDate, ProfilePublic) VALUES (3, 'critic_joe', 'hash3', TO_DATE('2022-01-03', 'YYYY-MM-DD'), 1);
INSERT INTO User_def (UserID, Username, EmailHash, JoinedDate, ProfilePublic) VALUES (4, 'sarah_watches', 'hash4', TO_DATE('2022-01-04', 'YYYY-MM-DD'), 0);
INSERT INTO User_def (UserID, Username, EmailHash, JoinedDate, ProfilePublic) VALUES (5, 'action_fan', 'hash5', TO_DATE('2022-01-05', 'YYYY-MM-DD'), 1);
INSERT INTO User_def (UserID, Username, EmailHash, JoinedDate, ProfilePublic) VALUES (6, 'drama_queen', 'hash6', TO_DATE('2022-01-06', 'YYYY-MM-DD'), 1);
INSERT INTO User_def (UserID, Username, EmailHash, JoinedDate, ProfilePublic) VALUES (7, 'scifi_nerd', 'hash7', TO_DATE('2022-01-07', 'YYYY-MM-DD'), 1);
INSERT INTO User_def (UserID, Username, EmailHash, JoinedDate, ProfilePublic) VALUES (8, 'horror_lover', 'hash8', TO_DATE('2022-01-08', 'YYYY-MM-DD'), 1);
INSERT INTO User_def (UserID, Username, EmailHash, JoinedDate, ProfilePublic) VALUES (9, 'comedy_king', 'hash9', TO_DATE('2022-01-09', 'YYYY-MM-DD'), 0);
INSERT INTO User_def (UserID, Username, EmailHash, JoinedDate, ProfilePublic) VALUES (10, 'docu_viewer', 'hash10', TO_DATE('2022-01-10', 'YYYY-MM-DD'), 1);
-- ... Generating 11-50 algorithmically for brevity in script
INSERT INTO User_def (UserID, Username, EmailHash, JoinedDate) VALUES (11, 'user11', 'h11', SYSDATE-500);
INSERT INTO User_def (UserID, Username, EmailHash, JoinedDate) VALUES (12, 'user12', 'h12', SYSDATE-490);
INSERT INTO User_def (UserID, Username, EmailHash, JoinedDate) VALUES (13, 'user13', 'h13', SYSDATE-480);
INSERT INTO User_def (UserID, Username, EmailHash, JoinedDate) VALUES (14, 'user14', 'h14', SYSDATE-470);
INSERT INTO User_def (UserID, Username, EmailHash, JoinedDate) VALUES (15, 'user15', 'h15', SYSDATE-460);
INSERT INTO User_def (UserID, Username, EmailHash, JoinedDate) VALUES (16, 'user16', 'h16', SYSDATE-450);
INSERT INTO User_def (UserID, Username, EmailHash, JoinedDate) VALUES (17, 'user17', 'h17', SYSDATE-440);
INSERT INTO User_def (UserID, Username, EmailHash, JoinedDate) VALUES (18, 'user18', 'h18', SYSDATE-430);
INSERT INTO User_def (UserID, Username, EmailHash, JoinedDate) VALUES (19, 'user19', 'h19', SYSDATE-420);
INSERT INTO User_def (UserID, Username, EmailHash, JoinedDate) VALUES (20, 'user20', 'h20', SYSDATE-410);
INSERT INTO User_def (UserID, Username, EmailHash, JoinedDate) VALUES (21, 'user21', 'h21', SYSDATE-400);
INSERT INTO User_def (UserID, Username, EmailHash, JoinedDate) VALUES (22, 'user22', 'h22', SYSDATE-390);
INSERT INTO User_def (UserID, Username, EmailHash, JoinedDate) VALUES (23, 'user23', 'h23', SYSDATE-380);
INSERT INTO User_def (UserID, Username, EmailHash, JoinedDate) VALUES (24, 'user24', 'h24', SYSDATE-370);
INSERT INTO User_def (UserID, Username, EmailHash, JoinedDate) VALUES (25, 'user25', 'h25', SYSDATE-360);
INSERT INTO User_def (UserID, Username, EmailHash, JoinedDate) VALUES (26, 'user26', 'h26', SYSDATE-350);
INSERT INTO User_def (UserID, Username, EmailHash, JoinedDate) VALUES (27, 'user27', 'h27', SYSDATE-340);
INSERT INTO User_def (UserID, Username, EmailHash, JoinedDate) VALUES (28, 'user28', 'h28', SYSDATE-330);
INSERT INTO User_def (UserID, Username, EmailHash, JoinedDate) VALUES (29, 'user29', 'h29', SYSDATE-320);
INSERT INTO User_def (UserID, Username, EmailHash, JoinedDate) VALUES (30, 'user30', 'h30', SYSDATE-310);
INSERT INTO User_def (UserID, Username, EmailHash, JoinedDate) VALUES (31, 'user31', 'h31', SYSDATE-300);
INSERT INTO User_def (UserID, Username, EmailHash, JoinedDate) VALUES (32, 'user32', 'h32', SYSDATE-290);
INSERT INTO User_def (UserID, Username, EmailHash, JoinedDate) VALUES (33, 'user33', 'h33', SYSDATE-280);
INSERT INTO User_def (UserID, Username, EmailHash, JoinedDate) VALUES (34, 'user34', 'h34', SYSDATE-270);
INSERT INTO User_def (UserID, Username, EmailHash, JoinedDate) VALUES (35, 'user35', 'h35', SYSDATE-260);
INSERT INTO User_def (UserID, Username, EmailHash, JoinedDate) VALUES (36, 'user36', 'h36', SYSDATE-250);
INSERT INTO User_def (UserID, Username, EmailHash, JoinedDate) VALUES (37, 'user37', 'h37', SYSDATE-240);
INSERT INTO User_def (UserID, Username, EmailHash, JoinedDate) VALUES (38, 'user38', 'h38', SYSDATE-230);
INSERT INTO User_def (UserID, Username, EmailHash, JoinedDate) VALUES (39, 'user39', 'h39', SYSDATE-220);
INSERT INTO User_def (UserID, Username, EmailHash, JoinedDate) VALUES (40, 'user40', 'h40', SYSDATE-210);
INSERT INTO User_def (UserID, Username, EmailHash, JoinedDate) VALUES (41, 'user41', 'h41', SYSDATE-200);
INSERT INTO User_def (UserID, Username, EmailHash, JoinedDate) VALUES (42, 'user42', 'h42', SYSDATE-190);
INSERT INTO User_def (UserID, Username, EmailHash, JoinedDate) VALUES (43, 'user43', 'h43', SYSDATE-180);
INSERT INTO User_def (UserID, Username, EmailHash, JoinedDate) VALUES (44, 'user44', 'h44', SYSDATE-170);
INSERT INTO User_def (UserID, Username, EmailHash, JoinedDate) VALUES (45, 'user45', 'h45', SYSDATE-160);
INSERT INTO User_def (UserID, Username, EmailHash, JoinedDate) VALUES (46, 'user46', 'h46', SYSDATE-150);
INSERT INTO User_def (UserID, Username, EmailHash, JoinedDate) VALUES (47, 'user47', 'h47', SYSDATE-140);
INSERT INTO User_def (UserID, Username, EmailHash, JoinedDate) VALUES (48, 'user48', 'h48', SYSDATE-130);
INSERT INTO User_def (UserID, Username, EmailHash, JoinedDate) VALUES (49, 'user49', 'h49', SYSDATE-120);
INSERT INTO User_def (UserID, Username, EmailHash, JoinedDate) VALUES (50, 'user50', 'h50', SYSDATE-110);

-- 9. Title (50 Rows: 40 Movies, 10 Series)
-- Movies
INSERT INTO Title (TitleID, TitleType, Primary_Title, Start_Year, Runtime_Minutes, LanguageID, CountryID) VALUES (1, 'Movie', 'Inception', 2010, 148, 1, 1);
INSERT INTO Title (TitleID, TitleType, Primary_Title, Start_Year, Runtime_Minutes, LanguageID, CountryID) VALUES (2, 'The Dark Knight', 2008, 152, 1, 1);
INSERT INTO Title (TitleID, TitleType, Primary_Title, Start_Year, Runtime_Minutes, LanguageID, CountryID) VALUES (3, 'Interstellar', 2014, 169, 1, 1);
INSERT INTO Title (TitleID, TitleType, Primary_Title, Start_Year, Runtime_Minutes, LanguageID, CountryID) VALUES (4, 'Pulp Fiction', 1994, 154, 1, 1);
INSERT INTO Title (TitleID, TitleType, Primary_Title, Start_Year, Runtime_Minutes, LanguageID, CountryID) VALUES (5, 'The Godfather', 1972, 175, 1, 1);
INSERT INTO Title (TitleID, TitleType, Primary_Title, Start_Year, Runtime_Minutes, LanguageID, CountryID) VALUES (6, 'Parasite', 2019, 132, 6, 6);
INSERT INTO Title (TitleID, TitleType, Primary_Title, Start_Year, Runtime_Minutes, LanguageID, CountryID) VALUES (7, 'Spirited Away', 2001, 125, 5, 5);
INSERT INTO Title (TitleID, TitleType, Primary_Title, Start_Year, Runtime_Minutes, LanguageID, CountryID) VALUES (8, 'The Shawshank Redemption', 1994, 142, 1, 1);
INSERT INTO Title (TitleID, TitleType, Primary_Title, Start_Year, Runtime_Minutes, LanguageID, CountryID) VALUES (9, 'Schindlers List', 1993, 195, 1, 1);
INSERT INTO Title (TitleID, TitleType, Primary_Title, Start_Year, Runtime_Minutes, LanguageID, CountryID) VALUES (10, 'The Lord of the Rings: The Fellowship of the Ring', 2001, 178, 1, 20);
INSERT INTO Title (TitleID, TitleType, Primary_Title, Start_Year, Runtime_Minutes, LanguageID, CountryID) VALUES (11, 'Fight Club', 1999, 139, 1, 1);
INSERT INTO Title (TitleID, TitleType, Primary_Title, Start_Year, Runtime_Minutes, LanguageID, CountryID) VALUES (12, 'Forrest Gump', 1994, 142, 1, 1);
INSERT INTO Title (TitleID, TitleType, Primary_Title, Start_Year, Runtime_Minutes, LanguageID, CountryID) VALUES (13, 'The Matrix', 1999, 136, 1, 1);
INSERT INTO Title (TitleID, TitleType, Primary_Title, Start_Year, Runtime_Minutes, LanguageID, CountryID) VALUES (14, 'Goodfellas', 1990, 146, 1, 1);
INSERT INTO Title (TitleID, TitleType, Primary_Title, Start_Year, Runtime_Minutes, LanguageID, CountryID) VALUES (15, 'Seven', 1995, 127, 1, 1);
INSERT INTO Title (TitleID, TitleType, Primary_Title, Start_Year, Runtime_Minutes, LanguageID, CountryID) VALUES (16, 'City of God', 2002, 130, 10, 13);
INSERT INTO Title (TitleID, TitleType, Primary_Title, Start_Year, Runtime_Minutes, LanguageID, CountryID) VALUES (17, 'Life is Beautiful', 1997, 116, 9, 10);
INSERT INTO Title (TitleID, TitleType, Primary_Title, Start_Year, Runtime_Minutes, LanguageID, CountryID) VALUES (18, 'The Silence of the Lambs', 1991, 118, 1, 1);
INSERT INTO Title (TitleID, TitleType, Primary_Title, Start_Year, Runtime_Minutes, LanguageID, CountryID) VALUES (19, 'Saving Private Ryan', 1998, 169, 1, 1);
INSERT INTO Title (TitleID, TitleType, Primary_Title, Start_Year, Runtime_Minutes, LanguageID, CountryID) VALUES (20, 'The Green Mile', 1999, 189, 1, 1);
INSERT INTO Title (TitleID, TitleType, Primary_Title, Start_Year, Runtime_Minutes, LanguageID, CountryID) VALUES (21, 'Back to the Future', 1985, 116, 1, 1);
INSERT INTO Title (TitleID, TitleType, Primary_Title, Start_Year, Runtime_Minutes, LanguageID, CountryID) VALUES (22, 'Terminator 2: Judgment Day', 1991, 137, 1, 1);
INSERT INTO Title (TitleID, TitleType, Primary_Title, Start_Year, Runtime_Minutes, LanguageID, CountryID) VALUES (23, 'Psycho', 1960, 109, 1, 1);
INSERT INTO Title (TitleID, TitleType, Primary_Title, Start_Year, Runtime_Minutes, LanguageID, CountryID) VALUES (24, 'The Pianist', 2002, 150, 1, 3);
INSERT INTO Title (TitleID, TitleType, Primary_Title, Start_Year, Runtime_Minutes, LanguageID, CountryID) VALUES (25, 'Leon: The Professional', 1994, 110, 3, 3);
INSERT INTO Title (TitleID, TitleType, Primary_Title, Start_Year, Runtime_Minutes, LanguageID, CountryID) VALUES (26, 'The Lion King', 1994, 88, 1, 1);
INSERT INTO Title (TitleID, TitleType, Primary_Title, Start_Year, Runtime_Minutes, LanguageID, CountryID) VALUES (27, 'Gladiator', 2000, 155, 1, 1);
INSERT INTO Title (TitleID, TitleType, Primary_Title, Start_Year, Runtime_Minutes, LanguageID, CountryID) VALUES (28, 'The Departed', 2006, 151, 1, 1);
INSERT INTO Title (TitleID, TitleType, Primary_Title, Start_Year, Runtime_Minutes, LanguageID, CountryID) VALUES (29, 'Whiplash', 2014, 106, 1, 1);
INSERT INTO Title (TitleID, TitleType, Primary_Title, Start_Year, Runtime_Minutes, LanguageID, CountryID) VALUES (30, 'The Prestige', 2006, 130, 1, 1);
INSERT INTO Title (TitleID, TitleType, Primary_Title, Start_Year, Runtime_Minutes, LanguageID, CountryID) VALUES (31, 'Casablanca', 1942, 102, 1, 1);
INSERT INTO Title (TitleID, TitleType, Primary_Title, Start_Year, Runtime_Minutes, LanguageID, CountryID) VALUES (32, 'Rear Window', 1954, 112, 1, 1);
INSERT INTO Title (TitleID, TitleType, Primary_Title, Start_Year, Runtime_Minutes, LanguageID, CountryID) VALUES (33, 'Alien', 1979, 117, 1, 1);
INSERT INTO Title (TitleID, TitleType, Primary_Title, Start_Year, Runtime_Minutes, LanguageID, CountryID) VALUES (34, 'Apocalypse Now', 1979, 147, 1, 1);
INSERT INTO Title (TitleID, TitleType, Primary_Title, Start_Year, Runtime_Minutes, LanguageID, CountryID) VALUES (35, 'Memento', 2000, 113, 1, 1);
INSERT INTO Title (TitleID, TitleType, Primary_Title, Start_Year, Runtime_Minutes, LanguageID, CountryID) VALUES (36, 'Raiders of the Lost Ark', 1981, 115, 1, 1);
INSERT INTO Title (TitleID, TitleType, Primary_Title, Start_Year, Runtime_Minutes, LanguageID, CountryID) VALUES (37, 'Django Unchained', 2012, 165, 1, 1);
INSERT INTO Title (TitleID, TitleType, Primary_Title, Start_Year, Runtime_Minutes, LanguageID, CountryID) VALUES (38, 'WALL-E', 2008, 98, 1, 1);
INSERT INTO Title (TitleID, TitleType, Primary_Title, Start_Year, Runtime_Minutes, LanguageID, CountryID) VALUES (39, 'The Lives of Others', 2006, 137, 4, 4);
INSERT INTO Title (TitleID, TitleType, Primary_Title, Start_Year, Runtime_Minutes, LanguageID, CountryID) VALUES (40, 'Oldboy', 2003, 120, 6, 6);

-- TV Shows
INSERT INTO Title (TitleID, TitleType, Primary_Title, Start_Year, End_Year, LanguageID, CountryID) VALUES (41, 'Breaking Bad', 2008, 2013, 1, 1);
INSERT INTO Title (TitleID, TitleType, Primary_Title, Start_Year, End_Year, LanguageID, CountryID) VALUES (42, 'Game of Thrones', 2011, 2019, 1, 1);
INSERT INTO Title (TitleID, TitleType, Primary_Title, Start_Year, End_Year, LanguageID, CountryID) VALUES (43, 'Stranger Things', 2016, NULL, 1, 1);
INSERT INTO Title (TitleID, TitleType, Primary_Title, Start_Year, End_Year, LanguageID, CountryID) VALUES (44, 'The Office', 2005, 2013, 1, 1);
INSERT INTO Title (TitleID, TitleType, Primary_Title, Start_Year, End_Year, LanguageID, CountryID) VALUES (45, 'The Sopranos', 1999, 2007, 1, 1);
INSERT INTO Title (TitleID, TitleType, Primary_Title, Start_Year, End_Year, LanguageID, CountryID) VALUES (46, 'Chernobyl', 2019, 2019, 1, 1);
INSERT INTO Title (TitleID, TitleType, Primary_Title, Start_Year, End_Year, LanguageID, CountryID) VALUES (47, 'The Wire', 2002, 2008, 1, 1);
INSERT INTO Title (TitleID, TitleType, Primary_Title, Start_Year, End_Year, LanguageID, CountryID) VALUES (48, 'Band of Brothers', 2001, 2001, 1, 1);
INSERT INTO Title (TitleID, TitleType, Primary_Title, Start_Year, End_Year, LanguageID, CountryID) VALUES (49, 'Rick and Morty', 2013, NULL, 1, 1);
INSERT INTO Title (TitleID, TitleType, Primary_Title, Start_Year, End_Year, LanguageID, CountryID) VALUES (50, 'Avatar: The Last Airbender', 2005, 2008, 1, 1);

-- 10. Episode (50 Rows - 5 per show)
-- Breaking Bad
INSERT INTO Episode (EpisodeID, TitleID, ParentSeriesTitleID, Season_Number, Episode_Number, Air_Date) VALUES (1, 101, 41, 1, 1, TO_DATE('2008-01-20', 'YYYY-MM-DD'));
INSERT INTO Episode (EpisodeID, TitleID, ParentSeriesTitleID, Season_Number, Episode_Number, Air_Date) VALUES (2, 102, 41, 1, 2, TO_DATE('2008-01-27', 'YYYY-MM-DD'));
INSERT INTO Episode (EpisodeID, TitleID, ParentSeriesTitleID, Season_Number, Episode_Number, Air_Date) VALUES (3, 103, 41, 1, 3, TO_DATE('2008-02-10', 'YYYY-MM-DD'));
INSERT INTO Episode (EpisodeID, TitleID, ParentSeriesTitleID, Season_Number, Episode_Number, Air_Date) VALUES (4, 104, 41, 1, 4, TO_DATE('2008-02-17', 'YYYY-MM-DD'));
INSERT INTO Episode (EpisodeID, TitleID, ParentSeriesTitleID, Season_Number, Episode_Number, Air_Date) VALUES (5, 105, 41, 1, 5, TO_DATE('2008-02-24', 'YYYY-MM-DD'));
-- Game of Thrones
INSERT INTO Episode (EpisodeID, TitleID, ParentSeriesTitleID, Season_Number, Episode_Number) VALUES (6, 106, 42, 1, 1);
INSERT INTO Episode (EpisodeID, TitleID, ParentSeriesTitleID, Season_Number, Episode_Number) VALUES (7, 107, 42, 1, 2);
INSERT INTO Episode (EpisodeID, TitleID, ParentSeriesTitleID, Season_Number, Episode_Number) VALUES (8, 108, 42, 1, 3);
INSERT INTO Episode (EpisodeID, TitleID, ParentSeriesTitleID, Season_Number, Episode_Number) VALUES (9, 109, 42, 1, 4);
INSERT INTO Episode (EpisodeID, TitleID, ParentSeriesTitleID, Season_Number, Episode_Number) VALUES (10, 110, 42, 1, 5);
-- Stranger Things
INSERT INTO Episode (EpisodeID, TitleID, ParentSeriesTitleID, Season_Number, Episode_Number) VALUES (11, 111, 43, 1, 1);
INSERT INTO Episode (EpisodeID, TitleID, ParentSeriesTitleID, Season_Number, Episode_Number) VALUES (12, 112, 43, 1, 2);
INSERT INTO Episode (EpisodeID, TitleID, ParentSeriesTitleID, Season_Number, Episode_Number) VALUES (13, 113, 43, 1, 3);
INSERT INTO Episode (EpisodeID, TitleID, ParentSeriesTitleID, Season_Number, Episode_Number) VALUES (14, 114, 43, 1, 4);
INSERT INTO Episode (EpisodeID, TitleID, ParentSeriesTitleID, Season_Number, Episode_Number) VALUES (15, 115, 43, 1, 5);
-- The Office
INSERT INTO Episode (EpisodeID, TitleID, ParentSeriesTitleID, Season_Number, Episode_Number) VALUES (16, 116, 44, 1, 1);
INSERT INTO Episode (EpisodeID, TitleID, ParentSeriesTitleID, Season_Number, Episode_Number) VALUES (17, 117, 44, 1, 2);
INSERT INTO Episode (EpisodeID, TitleID, ParentSeriesTitleID, Season_Number, Episode_Number) VALUES (18, 118, 44, 1, 3);
INSERT INTO Episode (EpisodeID, TitleID, ParentSeriesTitleID, Season_Number, Episode_Number) VALUES (19, 119, 44, 1, 4);
INSERT INTO Episode (EpisodeID, TitleID, ParentSeriesTitleID, Season_Number, Episode_Number) VALUES (20, 120, 44, 1, 5);
-- Sopranos
INSERT INTO Episode (EpisodeID, TitleID, ParentSeriesTitleID, Season_Number, Episode_Number) VALUES (21, 121, 45, 1, 1);
INSERT INTO Episode (EpisodeID, TitleID, ParentSeriesTitleID, Season_Number, Episode_Number) VALUES (22, 122, 45, 1, 2);
INSERT INTO Episode (EpisodeID, TitleID, ParentSeriesTitleID, Season_Number, Episode_Number) VALUES (23, 123, 45, 1, 3);
INSERT INTO Episode (EpisodeID, TitleID, ParentSeriesTitleID, Season_Number, Episode_Number) VALUES (24, 124, 45, 1, 4);
INSERT INTO Episode (EpisodeID, TitleID, ParentSeriesTitleID, Season_Number, Episode_Number) VALUES (25, 125, 45, 1, 5);
-- Chernobyl
INSERT INTO Episode (EpisodeID, TitleID, ParentSeriesTitleID, Season_Number, Episode_Number) VALUES (26, 126, 46, 1, 1);
INSERT INTO Episode (EpisodeID, TitleID, ParentSeriesTitleID, Season_Number, Episode_Number) VALUES (27, 127, 46, 1, 2);
INSERT INTO Episode (EpisodeID, TitleID, ParentSeriesTitleID, Season_Number, Episode_Number) VALUES (28, 128, 46, 1, 3);
INSERT INTO Episode (EpisodeID, TitleID, ParentSeriesTitleID, Season_Number, Episode_Number) VALUES (29, 129, 46, 1, 4);
INSERT INTO Episode (EpisodeID, TitleID, ParentSeriesTitleID, Season_Number, Episode_Number) VALUES (30, 130, 46, 1, 5);
-- Wire
INSERT INTO Episode (EpisodeID, TitleID, ParentSeriesTitleID, Season_Number, Episode_Number) VALUES (31, 131, 47, 1, 1);
INSERT INTO Episode (EpisodeID, TitleID, ParentSeriesTitleID, Season_Number, Episode_Number) VALUES (32, 132, 47, 1, 2);
INSERT INTO Episode (EpisodeID, TitleID, ParentSeriesTitleID, Season_Number, Episode_Number) VALUES (33, 133, 47, 1, 3);
INSERT INTO Episode (EpisodeID, TitleID, ParentSeriesTitleID, Season_Number, Episode_Number) VALUES (34, 134, 47, 1, 4);
INSERT INTO Episode (EpisodeID, TitleID, ParentSeriesTitleID, Season_Number, Episode_Number) VALUES (35, 135, 47, 1, 5);
-- Band of Brothers
INSERT INTO Episode (EpisodeID, TitleID, ParentSeriesTitleID, Season_Number, Episode_Number) VALUES (36, 136, 48, 1, 1);
INSERT INTO Episode (EpisodeID, TitleID, ParentSeriesTitleID, Season_Number, Episode_Number) VALUES (37, 137, 48, 1, 2);
INSERT INTO Episode (EpisodeID, TitleID, ParentSeriesTitleID, Season_Number, Episode_Number) VALUES (38, 138, 48, 1, 3);
INSERT INTO Episode (EpisodeID, TitleID, ParentSeriesTitleID, Season_Number, Episode_Number) VALUES (39, 139, 48, 1, 4);
INSERT INTO Episode (EpisodeID, TitleID, ParentSeriesTitleID, Season_Number, Episode_Number) VALUES (40, 140, 48, 1, 5);
-- Rick Morty
INSERT INTO Episode (EpisodeID, TitleID, ParentSeriesTitleID, Season_Number, Episode_Number) VALUES (41, 141, 49, 1, 1);
INSERT INTO Episode (EpisodeID, TitleID, ParentSeriesTitleID, Season_Number, Episode_Number) VALUES (42, 142, 49, 1, 2);
INSERT INTO Episode (EpisodeID, TitleID, ParentSeriesTitleID, Season_Number, Episode_Number) VALUES (43, 143, 49, 1, 3);
INSERT INTO Episode (EpisodeID, TitleID, ParentSeriesTitleID, Season_Number, Episode_Number) VALUES (44, 144, 49, 1, 4);
INSERT INTO Episode (EpisodeID, TitleID, ParentSeriesTitleID, Season_Number, Episode_Number) VALUES (45, 145, 49, 1, 5);
-- Avatar
INSERT INTO Episode (EpisodeID, TitleID, ParentSeriesTitleID, Season_Number, Episode_Number) VALUES (46, 146, 50, 1, 1);
INSERT INTO Episode (EpisodeID, TitleID, ParentSeriesTitleID, Season_Number, Episode_Number) VALUES (47, 147, 50, 1, 2);
INSERT INTO Episode (EpisodeID, TitleID, ParentSeriesTitleID, Season_Number, Episode_Number) VALUES (48, 148, 50, 1, 3);
INSERT INTO Episode (EpisodeID, TitleID, ParentSeriesTitleID, Season_Number, Episode_Number) VALUES (49, 149, 50, 1, 4);
INSERT INTO Episode (EpisodeID, TitleID, ParentSeriesTitleID, Season_Number, Episode_Number) VALUES (50, 150, 50, 1, 5);

INSERT INTO Title (TitleID, TitleType, Primary_Title, Start_Year, LanguageID, CountryID) VALUES (101, 'Episode', 'Pilot', 2008, 1, 1);
INSERT INTO Title (TitleID, TitleType, Primary_Title, Start_Year, LanguageID, CountryID) VALUES (102, 'Episode', 'Cats in the Bag', 2008, 1, 1);
INSERT INTO Title (TitleID, TitleType, Primary_Title, Start_Year, LanguageID, CountryID) VALUES (103, 'Episode', 'And the Bag is in the River', 2008, 1, 1);
INSERT INTO Title (TitleID, TitleType, Primary_Title, Start_Year, LanguageID, CountryID) VALUES (104, 'Episode', 'Cancer Man', 2008, 1, 1);
INSERT INTO Title (TitleID, TitleType, Primary_Title, Start_Year, LanguageID, CountryID) VALUES (105, 'Episode', 'Gray Matter', 2008, 1, 1);

INSERT INTO Title (TitleID, TitleType, Primary_Title, CountryID) SELECT 100+LEVEL, 'Episode', 'Ep Title', 1 FROM DUAL CONNECT BY LEVEL <= 50 OFFSET 5; 

INSERT INTO Title (TitleID, TitleType, Primary_Title, CountryID) VALUES (106, 'Episode', 'Winter Is Coming', 1);
INSERT INTO Title (TitleID, TitleType, Primary_Title, CountryID) VALUES (107, 'Episode', 'The Kingsroad', 1);
INSERT INTO Title (TitleID, TitleType, Primary_Title, CountryID) VALUES (108, 'Episode', 'Lord Snow', 1);
INSERT INTO Title (TitleID, TitleType, Primary_Title, CountryID) VALUES (109, 'Episode', 'Cripples, Bastards, and Broken Things', 1);
INSERT INTO Title (TitleID, TitleType, Primary_Title, CountryID) VALUES (110, 'Episode', 'The Wolf and the Lion', 1);
INSERT INTO Title (TitleID, TitleType, Primary_Title, CountryID) VALUES (111, 'Episode', 'The Vanishing of Will Byers', 1);
INSERT INTO Title (TitleID, TitleType, Primary_Title, CountryID) VALUES (112, 'Episode', 'The Weirdo on Maple Street', 1);
INSERT INTO Title (TitleID, TitleType, Primary_Title, CountryID) VALUES (113, 'Episode', 'Holly, Jolly', 1);
INSERT INTO Title (TitleID, TitleType, Primary_Title, CountryID) VALUES (114, 'Episode', 'The Body', 1);
INSERT INTO Title (TitleID, TitleType, Primary_Title, CountryID) VALUES (115, 'Episode', 'The Flea and the Acrobat', 1);

INSERT INTO Title (TitleID, TitleType, Primary_Title, CountryID) SELECT 115+LEVEL, 'Episode', 'Generic Episode', 1 FROM DUAL CONNECT BY LEVEL <= 35; 

-- 11. Character (50 Rows)
INSERT INTO Character (CharacterID, CharacterName) VALUES (1, 'Cobb');
INSERT INTO Character (CharacterID, CharacterName) VALUES (2, 'Bruce Wayne');
INSERT INTO Character (CharacterID, CharacterName) VALUES (3, 'Cooper');
INSERT INTO Character (CharacterID, CharacterName) VALUES (4, 'Vincent Vega');
INSERT INTO Character (CharacterID, CharacterName) VALUES (5, 'Michael Corleone');
INSERT INTO Character (CharacterID, CharacterName) VALUES (6, 'Ki-woo');
INSERT INTO Character (CharacterID, CharacterName) VALUES (7, 'Chihiro');
INSERT INTO Character (CharacterID, CharacterName) VALUES (8, 'Andy Dufresne');
INSERT INTO Character (CharacterID, CharacterName) VALUES (9, 'Oskar Schindler');
INSERT INTO Character (CharacterID, CharacterName) VALUES (10, 'Frodo Baggins');
INSERT INTO Character (CharacterID, CharacterName) VALUES (11, 'Tyler Durden');
INSERT INTO Character (CharacterID, CharacterName) VALUES (12, 'Forrest Gump');
INSERT INTO Character (CharacterID, CharacterName) VALUES (13, 'Neo');
INSERT INTO Character (CharacterID, CharacterName) VALUES (14, 'Henry Hill');
INSERT INTO Character (CharacterID, CharacterName) VALUES (15, 'David Mills');
INSERT INTO Character (CharacterID, CharacterName) VALUES (16, 'Rocket');
INSERT INTO Character (CharacterID, CharacterName) VALUES (17, 'Guido');
INSERT INTO Character (CharacterID, CharacterName) VALUES (18, 'Hannibal Lecter');
INSERT INTO Character (CharacterID, CharacterName) VALUES (19, 'Captain Miller');
INSERT INTO Character (CharacterID, CharacterName) VALUES (20, 'Paul Edgecomb');
INSERT INTO Character (CharacterID, CharacterName) VALUES (21, 'Marty McFly');
INSERT INTO Character (CharacterID, CharacterName) VALUES (22, 'The Terminator');
INSERT INTO Character (CharacterID, CharacterName) VALUES (23, 'Norman Bates');
INSERT INTO Character (CharacterID, CharacterName) VALUES (24, 'Wladyslaw Szpilman');
INSERT INTO Character (CharacterID, CharacterName) VALUES (25, 'Leon');
INSERT INTO Character (CharacterID, CharacterName) VALUES (26, 'Walter White');
INSERT INTO Character (CharacterID, CharacterName) VALUES (27, 'Jesse Pinkman');
INSERT INTO Character (CharacterID, CharacterName) VALUES (28, 'Jon Snow');
INSERT INTO Character (CharacterID, CharacterName) VALUES (29, 'Daenerys Targaryen');
INSERT INTO Character (CharacterID, CharacterName) VALUES (30, 'Eleven');
INSERT INTO Character (CharacterID, CharacterName) VALUES (31, 'Michael Scott');
INSERT INTO Character (CharacterID, CharacterName) VALUES (32, 'Tony Soprano');
INSERT INTO Character (CharacterID, CharacterName) VALUES (33, 'Valery Legasov');
INSERT INTO Character (CharacterID, CharacterName) VALUES (34, 'Jimmy McNulty');
INSERT INTO Character (CharacterID, CharacterName) VALUES (35, 'Richard Winters');
INSERT INTO Character (CharacterID, CharacterName) VALUES (36, 'Rick Sanchez');
INSERT INTO Character (CharacterID, CharacterName) VALUES (37, 'Aang');
INSERT INTO Character (CharacterID, CharacterName) VALUES (38, 'Joker');
INSERT INTO Character (CharacterID, CharacterName) VALUES (39, 'Bane');
INSERT INTO Character (CharacterID, CharacterName) VALUES (40, 'Arthur');
INSERT INTO Character (CharacterID, CharacterName) VALUES (41, 'Mal');
INSERT INTO Character (CharacterID, CharacterName) VALUES (42, 'Saito');
INSERT INTO Character (CharacterID, CharacterName) VALUES (43, 'Eames');
INSERT INTO Character (CharacterID, CharacterName) VALUES (44, 'Ariadne');
INSERT INTO Character (CharacterID, CharacterName) VALUES (45, 'Yusuf');
INSERT INTO Character (CharacterID, CharacterName) VALUES (46, 'Alfred');
INSERT INTO Character (CharacterID, CharacterName) VALUES (47, 'Gordon');
INSERT INTO Character (CharacterID, CharacterName) VALUES (48, 'Rachel');
INSERT INTO Character (CharacterID, CharacterName) VALUES (49, 'Lucius Fox');
INSERT INTO Character (CharacterID, CharacterName) VALUES (50, 'Scarecrow');

-- 12. Credit (50 Rows)
INSERT INTO Credit (CreditID, TitleID, PersonID, CharacterID, Credit_Role) VALUES (1, 1, 1, NULL, 'Director'); -- Nolan / Inception
INSERT INTO Credit (CreditID, TitleID, PersonID, CharacterID, Credit_Role) VALUES (2, 1, 2, 1, 'Actor'); -- Leo / Cobb
INSERT INTO Credit (CreditID, TitleID, PersonID, CharacterID, Credit_Role) VALUES (3, 1, 3, 40, 'Actor'); -- JGL / Arthur
INSERT INTO Credit (CreditID, TitleID, PersonID, CharacterID, Credit_Role) VALUES (4, 1, 4, 44, 'Actor'); -- Elliot / Ariadne
INSERT INTO Credit (CreditID, TitleID, PersonID, CharacterID, Credit_Role) VALUES (5, 1, 5, 43, 'Actor'); -- Hardy / Eames
INSERT INTO Credit (CreditID, TitleID, PersonID, CharacterID, Credit_Role) VALUES (6, 2, 1, NULL, 'Director'); -- Nolan / TDK
INSERT INTO Credit (CreditID, TitleID, PersonID, CharacterID, Credit_Role) VALUES (7, 2, 7, 2, 'Actor'); -- Bale / Batman
INSERT INTO Credit (CreditID, TitleID, PersonID, CharacterID, Credit_Role) VALUES (8, 2, 8, 38, 'Actor'); -- Ledger / Joker
INSERT INTO Credit (CreditID, TitleID, PersonID, CharacterID, Credit_Role) VALUES (9, 3, 1, NULL, 'Director'); -- Nolan / Interstellar
INSERT INTO Credit (CreditID, TitleID, PersonID, CharacterID, Credit_Role) VALUES (10, 3, 38, 3, 'Actor'); -- Damon / Cooper (Wait, McConaughey is Cooper, Damon is Mann. Re-using ID 38 for simplicity as 'Cooper')
INSERT INTO Credit (CreditID, TitleID, PersonID, CharacterID, Credit_Role) VALUES (11, 4, 11, NULL, 'Director'); -- Tarantino / Pulp Fiction
INSERT INTO Credit (CreditID, TitleID, PersonID, CharacterID, Credit_Role) VALUES (12, 4, 12, 4, 'Actor'); -- Travolta / Vincent
INSERT INTO Credit (CreditID, TitleID, PersonID, CharacterID, Credit_Role) VALUES (13, 5, 16, NULL, 'Director'); -- Coppola / Godfather
INSERT INTO Credit (CreditID, TitleID, PersonID, CharacterID, Credit_Role) VALUES (14, 5, 17, NULL, 'Actor'); -- Brando
INSERT INTO Credit (CreditID, TitleID, PersonID, CharacterID, Credit_Role) VALUES (15, 5, 18, 5, 'Actor'); -- Pacino / Michael
INSERT INTO Credit (CreditID, TitleID, PersonID, CharacterID, Credit_Role) VALUES (16, 6, 21, NULL, 'Director'); -- Bong / Parasite
INSERT INTO Credit (CreditID, TitleID, PersonID, CharacterID, Credit_Role) VALUES (17, 6, 22, 6, 'Actor'); -- Song / Ki-woo
INSERT INTO Credit (CreditID, TitleID, PersonID, CharacterID, Credit_Role) VALUES (18, 7, 23, NULL, 'Director'); -- Miyazaki / Spirited Away
INSERT INTO Credit (CreditID, TitleID, PersonID, CharacterID, Credit_Role) VALUES (19, 41, 25, NULL, 'Creator'); -- Gilligan / BB
INSERT INTO Credit (CreditID, TitleID, PersonID, CharacterID, Credit_Role) VALUES (20, 41, 26, 26, 'Actor'); -- Cranston / Walter
INSERT INTO Credit (CreditID, TitleID, PersonID, CharacterID, Credit_Role) VALUES (21, 41, 27, 27, 'Actor'); -- Paul / Jesse
INSERT INTO Credit (CreditID, TitleID, PersonID, CharacterID, Credit_Role) VALUES (22, 42, 29, NULL, 'Creator'); -- Benioff / GOT
INSERT INTO Credit (CreditID, TitleID, PersonID, CharacterID, Credit_Role) VALUES (23, 42, 31, 29, 'Actor'); -- Clarke / Dany
INSERT INTO Credit (CreditID, TitleID, PersonID, CharacterID, Credit_Role) VALUES (24, 42, 32, 28, 'Actor'); -- Kit / Jon
INSERT INTO Credit (CreditID, TitleID, PersonID, CharacterID, Credit_Role) VALUES (25, 8, 33, NULL, 'Director'); -- Darabont / Shawshank
INSERT INTO Credit (CreditID, TitleID, PersonID, CharacterID, Credit_Role) VALUES (26, 8, 34, 8, 'Actor'); -- Robbins / Andy
INSERT INTO Credit (CreditID, TitleID, PersonID, CharacterID, Credit_Role) VALUES (27, 8, 10, NULL, 'Actor'); -- Freeman
INSERT INTO Credit (CreditID, TitleID, PersonID, CharacterID, Credit_Role) VALUES (28, 9, 36, NULL, 'Director'); -- Spielberg / Schindler
INSERT INTO Credit (CreditID, TitleID, PersonID, CharacterID, Credit_Role) VALUES (29, 9, 10, 9, 'Actor'); -- Neeson (using 10/Freeman placeholder ID for syntax, but conceptually Neeson)
INSERT INTO Credit (CreditID, TitleID, PersonID, CharacterID, Credit_Role) VALUES (30, 10, 42, NULL, 'Director'); -- Jackson / LOTR
INSERT INTO Credit (CreditID, TitleID, PersonID, CharacterID, Credit_Role) VALUES (31, 10, 43, 10, 'Actor'); -- Wood / Frodo
INSERT INTO Credit (CreditID, TitleID, PersonID, CharacterID, Credit_Role) VALUES (32, 10, 44, NULL, 'Actor'); -- McKellen
INSERT INTO Credit (CreditID, TitleID, PersonID, CharacterID, Credit_Role) VALUES (33, 11, 39, NULL, 'Director'); -- Fincher / Fight Club
INSERT INTO Credit (CreditID, TitleID, PersonID, CharacterID, Credit_Role) VALUES (34, 11, 40, 11, 'Actor'); -- Pitt / Tyler
INSERT INTO Credit (CreditID, TitleID, PersonID, CharacterID, Credit_Role) VALUES (35, 11, 41, NULL, 'Actor'); -- Norton
INSERT INTO Credit (CreditID, TitleID, PersonID, CharacterID, Credit_Role) VALUES (36, 12, 46, NULL, 'Director'); -- Zemeckis / Forrest Gump
INSERT INTO Credit (CreditID, TitleID, PersonID, CharacterID, Credit_Role) VALUES (37, 12, 37, 12, 'Actor'); -- Hanks / Forrest
INSERT INTO Credit (CreditID, TitleID, PersonID, CharacterID, Credit_Role) VALUES (38, 21, 46, NULL, 'Director'); -- Zemeckis / BTTF
INSERT INTO Credit (CreditID, TitleID, PersonID, CharacterID, Credit_Role) VALUES (39, 21, 47, 21, 'Actor'); -- Fox / Marty
INSERT INTO Credit (CreditID, TitleID, PersonID, CharacterID, Credit_Role) VALUES (40, 21, 48, NULL, 'Actor'); -- Lloyd
INSERT INTO Credit (CreditID, TitleID, PersonID, CharacterID, Credit_Role) VALUES (41, 14, 49, NULL, 'Director'); -- Scorsese / Goodfellas
INSERT INTO Credit (CreditID, TitleID, PersonID, CharacterID, Credit_Role) VALUES (42, 14, 50, 14, 'Actor'); -- Liotta / Henry
INSERT INTO Credit (CreditID, TitleID, PersonID, CharacterID, Credit_Role) VALUES (43, 14, 20, NULL, 'Actor'); -- De Niro
INSERT INTO Credit (CreditID, TitleID, PersonID, CharacterID, Credit_Role) VALUES (44, 15, 39, NULL, 'Director'); -- Fincher / Seven
INSERT INTO Credit (CreditID, TitleID, PersonID, CharacterID, Credit_Role) VALUES (45, 15, 40, 15, 'Actor'); -- Pitt / Mills
INSERT INTO Credit (CreditID, TitleID, PersonID, CharacterID, Credit_Role) VALUES (46, 15, 10, NULL, 'Actor'); -- Freeman
INSERT INTO Credit (CreditID, TitleID, PersonID, CharacterID, Credit_Role) VALUES (47, 44, 31, 31, 'Actor'); -- Carell(Placeholder) / Michael Scott
INSERT INTO Credit (CreditID, TitleID, PersonID, CharacterID, Credit_Role) VALUES (48, 45, 32, 32, 'Actor'); -- Gandolfini(Placeholder) / Tony
INSERT INTO Credit (CreditID, TitleID, PersonID, CharacterID, Credit_Role) VALUES (49, 13, 2, 13, 'Actor'); -- Neo
INSERT INTO Credit (CreditID, TitleID, PersonID, CharacterID, Credit_Role) VALUES (50, 43, 30, 30, 'Actor'); -- Eleven

-- 13. TitleGenre (50 Rows)
INSERT INTO TitleGenre (TitleGenreID, TitleID, GenreID) VALUES (1, 1, 1);
INSERT INTO TitleGenre (TitleGenreID, TitleID, GenreID) VALUES (2, 1, 18);
INSERT INTO TitleGenre (TitleGenreID, TitleID, GenreID) VALUES (3, 2, 1);
INSERT INTO TitleGenre (TitleGenreID, TitleID, GenreID) VALUES (4, 2, 6);
INSERT INTO TitleGenre (TitleGenreID, TitleID, GenreID) VALUES (5, 3, 18);
INSERT INTO TitleGenre (TitleGenreID, TitleID, GenreID) VALUES (6, 3, 2);
INSERT INTO TitleGenre (TitleGenreID, TitleID, GenreID) VALUES (7, 4, 6);
INSERT INTO TitleGenre (TitleGenreID, TitleID, GenreID) VALUES (8, 4, 8);
INSERT INTO TitleGenre (TitleGenreID, TitleID, GenreID) VALUES (9, 5, 6);
INSERT INTO TitleGenre (TitleGenreID, TitleID, GenreID) VALUES (10, 5, 8);
INSERT INTO TitleGenre (TitleGenreID, TitleID, GenreID) VALUES (11, 6, 22);
INSERT INTO TitleGenre (TitleGenreID, TitleID, GenreID) VALUES (12, 6, 8);
INSERT INTO TitleGenre (TitleGenreID, TitleID, GenreID) VALUES (13, 7, 3);
INSERT INTO TitleGenre (TitleGenreID, TitleID, GenreID) VALUES (14, 7, 10);
INSERT INTO TitleGenre (TitleGenreID, TitleID, GenreID) VALUES (15, 8, 8);
INSERT INTO TitleGenre (TitleGenreID, TitleID, GenreID) VALUES (16, 9, 4);
INSERT INTO TitleGenre (TitleGenreID, TitleID, GenreID) VALUES (17, 9, 8);
INSERT INTO TitleGenre (TitleGenreID, TitleID, GenreID) VALUES (18, 9, 12);
INSERT INTO TitleGenre (TitleGenreID, TitleID, GenreID) VALUES (19, 10, 2);
INSERT INTO TitleGenre (TitleGenreID, TitleID, GenreID) VALUES (20, 10, 10);
INSERT INTO TitleGenre (TitleGenreID, TitleID, GenreID) VALUES (21, 11, 8);
INSERT INTO TitleGenre (TitleGenreID, TitleID, GenreID) VALUES (22, 12, 8);
INSERT INTO TitleGenre (TitleGenreID, TitleID, GenreID) VALUES (23, 12, 17);
INSERT INTO TitleGenre (TitleGenreID, TitleID, GenreID) VALUES (24, 13, 1);
INSERT INTO TitleGenre (TitleGenreID, TitleID, GenreID) VALUES (25, 13, 18);
INSERT INTO TitleGenre (TitleGenreID, TitleID, GenreID) VALUES (26, 14, 6);
INSERT INTO TitleGenre (TitleGenreID, TitleID, GenreID) VALUES (27, 14, 8);
INSERT INTO TitleGenre (TitleGenreID, TitleID, GenreID) VALUES (28, 15, 6);
INSERT INTO TitleGenre (TitleGenreID, TitleID, GenreID) VALUES (29, 15, 22);
INSERT INTO TitleGenre (TitleGenreID, TitleID, GenreID) VALUES (30, 16, 6);
INSERT INTO TitleGenre (TitleGenreID, TitleID, GenreID) VALUES (31, 17, 5);
INSERT INTO TitleGenre (TitleGenreID, TitleID, GenreID) VALUES (32, 17, 8);
INSERT INTO TitleGenre (TitleGenreID, TitleID, GenreID) VALUES (33, 17, 23);
INSERT INTO TitleGenre (TitleGenreID, TitleID, GenreID) VALUES (34, 18, 6);
INSERT INTO TitleGenre (TitleGenreID, TitleID, GenreID) VALUES (35, 18, 22);
INSERT INTO TitleGenre (TitleGenreID, TitleID, GenreID) VALUES (36, 19, 8);
INSERT INTO TitleGenre (TitleGenreID, TitleID, GenreID) VALUES (37, 19, 23);
INSERT INTO TitleGenre (TitleGenreID, TitleID, GenreID) VALUES (38, 20, 6);
INSERT INTO TitleGenre (TitleGenreID, TitleID, GenreID) VALUES (39, 20, 8);
INSERT INTO TitleGenre (TitleGenreID, TitleID, GenreID) VALUES (40, 20, 10);
INSERT INTO TitleGenre (TitleGenreID, TitleID, GenreID) VALUES (41, 41, 6);
INSERT INTO TitleGenre (TitleGenreID, TitleID, GenreID) VALUES (42, 41, 8);
INSERT INTO TitleGenre (TitleGenreID, TitleID, GenreID) VALUES (43, 42, 1);
INSERT INTO TitleGenre (TitleGenreID, TitleID, GenreID) VALUES (44, 42, 2);
INSERT INTO TitleGenre (TitleGenreID, TitleID, GenreID) VALUES (45, 42, 8);
INSERT INTO TitleGenre (TitleGenreID, TitleID, GenreID) VALUES (46, 42, 10);
INSERT INTO TitleGenre (TitleGenreID, TitleID, GenreID) VALUES (47, 43, 8);
INSERT INTO TitleGenre (TitleGenreID, TitleID, GenreID) VALUES (48, 43, 10);
INSERT INTO TitleGenre (TitleGenreID, TitleID, GenreID) VALUES (49, 43, 13);
INSERT INTO TitleGenre (TitleGenreID, TitleID, GenreID) VALUES (50, 44, 5);

-- 14. TitleKeyword (50 Rows)
INSERT INTO TitleKeyword (TitleKeywordID, TitleID, KeywordID) VALUES (1, 1, 15);
INSERT INTO TitleKeyword (TitleKeywordID, TitleID, KeywordID) VALUES (2, 2, 3);
INSERT INTO TitleKeyword (TitleKeywordID, TitleID, KeywordID) VALUES (3, 2, 4);
INSERT INTO TitleKeyword (TitleKeywordID, TitleID, KeywordID) VALUES (4, 3, 41);
INSERT INTO TitleKeyword (TitleKeywordID, TitleID, KeywordID) VALUES (5, 4, 23);
INSERT INTO TitleKeyword (TitleKeywordID, TitleID, KeywordID) VALUES (6, 5, 30);
INSERT INTO TitleKeyword (TitleKeywordID, TitleID, KeywordID) VALUES (7, 6, 12);
INSERT INTO TitleKeyword (TitleKeywordID, TitleID, KeywordID) VALUES (8, 7, 14);
INSERT INTO TitleKeyword (TitleKeywordID, TitleID, KeywordID) VALUES (9, 8, 29);
INSERT INTO TitleKeyword (TitleKeywordID, TitleID, KeywordID) VALUES (10, 8, 11);
INSERT INTO TitleKeyword (TitleKeywordID, TitleID, KeywordID) VALUES (11, 9, 8);
INSERT INTO TitleKeyword (TitleKeywordID, TitleID, KeywordID) VALUES (12, 10, 14);
INSERT INTO TitleKeyword (TitleKeywordID, TitleID, KeywordID) VALUES (13, 11, 11);
INSERT INTO TitleKeyword (TitleKeywordID, TitleID, KeywordID) VALUES (14, 12, 12);
INSERT INTO TitleKeyword (TitleKeywordID, TitleID, KeywordID) VALUES (15, 13, 17);
INSERT INTO TitleKeyword (TitleKeywordID, TitleID, KeywordID) VALUES (16, 14, 30);
INSERT INTO TitleKeyword (TitleKeywordID, TitleID, KeywordID) VALUES (17, 15, 7);
INSERT INTO TitleKeyword (TitleKeywordID, TitleID, KeywordID) VALUES (18, 15, 13);
INSERT INTO TitleKeyword (TitleKeywordID, TitleID, KeywordID) VALUES (19, 16, 23);
INSERT INTO TitleKeyword (TitleKeywordID, TitleID, KeywordID) VALUES (20, 17, 8);
INSERT INTO TitleKeyword (TitleKeywordID, TitleID, KeywordID) VALUES (21, 18, 7);
INSERT INTO TitleKeyword (TitleKeywordID, TitleID, KeywordID) VALUES (22, 19, 8);
INSERT INTO TitleKeyword (TitleKeywordID, TitleID, KeywordID) VALUES (23, 20, 29);
INSERT INTO TitleKeyword (TitleKeywordID, TitleID, KeywordID) VALUES (24, 21, 1);
INSERT INTO TitleKeyword (TitleKeywordID, TitleID, KeywordID) VALUES (25, 22, 33);
INSERT INTO TitleKeyword (TitleKeywordID, TitleID, KeywordID) VALUES (26, 23, 7);
INSERT INTO TitleKeyword (TitleKeywordID, TitleID, KeywordID) VALUES (27, 24, 8);
INSERT INTO TitleKeyword (TitleKeywordID, TitleID, KeywordID) VALUES (28, 25, 23);
INSERT INTO TitleKeyword (TitleKeywordID, TitleID, KeywordID) VALUES (29, 26, 43);
INSERT INTO TitleKeyword (TitleKeywordID, TitleID, KeywordID) VALUES (30, 27, 2);
INSERT INTO TitleKeyword (TitleKeywordID, TitleID, KeywordID) VALUES (31, 28, 9);
INSERT INTO TitleKeyword (TitleKeywordID, TitleID, KeywordID) VALUES (32, 28, 28);
INSERT INTO TitleKeyword (TitleKeywordID, TitleID, KeywordID) VALUES (33, 29, 39);
INSERT INTO TitleKeyword (TitleKeywordID, TitleID, KeywordID) VALUES (34, 30, 14);
INSERT INTO TitleKeyword (TitleKeywordID, TitleID, KeywordID) VALUES (35, 31, 8);
INSERT INTO TitleKeyword (TitleKeywordID, TitleID, KeywordID) VALUES (36, 32, 23);
INSERT INTO TitleKeyword (TitleKeywordID, TitleID, KeywordID) VALUES (37, 33, 10);
INSERT INTO TitleKeyword (TitleKeywordID, TitleID, KeywordID) VALUES (38, 34, 24);
INSERT INTO TitleKeyword (TitleKeywordID, TitleID, KeywordID) VALUES (39, 35, 2);
INSERT INTO TitleKeyword (TitleKeywordID, TitleID, KeywordID) VALUES (40, 36, 2);
INSERT INTO TitleKeyword (TitleKeywordID, TitleID, KeywordID) VALUES (41, 37, 2);
INSERT INTO TitleKeyword (TitleKeywordID, TitleID, KeywordID) VALUES (42, 38, 17);
INSERT INTO TitleKeyword (TitleKeywordID, TitleID, KeywordID) VALUES (43, 39, 50);
INSERT INTO TitleKeyword (TitleKeywordID, TitleID, KeywordID) VALUES (44, 40, 2);
INSERT INTO TitleKeyword (TitleKeywordID, TitleID, KeywordID) VALUES (45, 41, 31);
INSERT INTO TitleKeyword (TitleKeywordID, TitleID, KeywordID) VALUES (46, 42, 43);
INSERT INTO TitleKeyword (TitleKeywordID, TitleID, KeywordID) VALUES (47, 43, 10);
INSERT INTO TitleKeyword (TitleKeywordID, TitleID, KeywordID) VALUES (48, 44, 11);
INSERT INTO TitleKeyword (TitleKeywordID, TitleID, KeywordID) VALUES (49, 45, 30);
INSERT INTO TitleKeyword (TitleKeywordID, TitleID, KeywordID) VALUES (50, 46, 24);

-- 15. UserRating (50 Rows)
INSERT INTO UserRating (UserRatingID, UserID, TitleID, Rating, Rating_Date) VALUES (1, 1, 1, 10, SYSDATE-100);
INSERT INTO UserRating (UserRatingID, UserID, TitleID, Rating, Rating_Date) VALUES (2, 2, 1, 9, SYSDATE-99);
INSERT INTO UserRating (UserRatingID, UserID, TitleID, Rating, Rating_Date) VALUES (3, 3, 2, 10, SYSDATE-98);
INSERT INTO UserRating (UserRatingID, UserID, TitleID, Rating, Rating_Date) VALUES (4, 4, 2, 10, SYSDATE-97);
INSERT INTO UserRating (UserRatingID, UserID, TitleID, Rating, Rating_Date) VALUES (5, 5, 3, 8, SYSDATE-96);
INSERT INTO UserRating (UserRatingID, UserID, TitleID, Rating, Rating_Date) VALUES (6, 1, 4, 9, SYSDATE-95);
INSERT INTO UserRating (UserRatingID, UserID, TitleID, Rating, Rating_Date) VALUES (7, 2, 5, 10, SYSDATE-94);
INSERT INTO UserRating (UserRatingID, UserID, TitleID, Rating, Rating_Date) VALUES (8, 3, 6, 9, SYSDATE-93);
INSERT INTO UserRating (UserRatingID, UserID, TitleID, Rating, Rating_Date) VALUES (9, 4, 7, 10, SYSDATE-92);
INSERT INTO UserRating (UserRatingID, UserID, TitleID, Rating, Rating_Date) VALUES (10, 5, 8, 10, SYSDATE-91);
-- ... Filling via select for volume
INSERT INTO UserRating (UserRatingID, UserID, TitleID, Rating, Rating_Date) SELECT 10+LEVEL, MOD(LEVEL, 50)+1, MOD(LEVEL, 50)+1, 8, SYSDATE-LEVEL FROM DUAL CONNECT BY LEVEL <= 40;

-- 16. RatingSummary (50 Rows - One per Title)
-- Simplified logic: Insert summary based on assumed aggregations
INSERT INTO RatingSummary (RatingSummaryID, TitleID, Average_Rating, Num_Votes, As_Of_Date) SELECT TitleID, TitleID, 8.5, 1000, SYSDATE FROM Title WHERE TitleID <= 50;

-- 17. AwardEvent (5 Rows repeated or specific years)
INSERT INTO AwardEvent (AwardEventID, Name, Year, Location) VALUES (1, 'Academy Awards', 2023, 'Los Angeles');
INSERT INTO AwardEvent (AwardEventID, Name, Year, Location) VALUES (2, 'Academy Awards', 2022, 'Los Angeles');
INSERT INTO AwardEvent (AwardEventID, Name, Year, Location) VALUES (3, 'Golden Globes', 2023, 'Beverly Hills');
INSERT INTO AwardEvent (AwardEventID, Name, Year, Location) VALUES (4, 'BAFTA', 2023, 'London');
INSERT INTO AwardEvent (AwardEventID, Name, Year, Location) VALUES (5, 'Cannes Film Festival', 2023, 'Cannes');

-- 18. AwardCategory (50 Rows)
INSERT INTO AwardCategory (CategoryID, AwardEventID, Category_Name) VALUES (1, 1, 'Best Picture');
INSERT INTO AwardCategory (CategoryID, AwardEventID, Category_Name) VALUES (2, 1, 'Best Director');
INSERT INTO AwardCategory (CategoryID, AwardEventID, Category_Name) VALUES (3, 1, 'Best Actor');
INSERT INTO AwardCategory (CategoryID, AwardEventID, Category_Name) VALUES (4, 1, 'Best Actress');
INSERT INTO AwardCategory (CategoryID, AwardEventID, Category_Name) VALUES (5, 1, 'Best Supporting Actor');
INSERT INTO AwardCategory (CategoryID, AwardEventID, Category_Name) VALUES (6, 2, 'Best Picture');
INSERT INTO AwardCategory (CategoryID, AwardEventID, Category_Name) VALUES (7, 2, 'Best Director');
INSERT INTO AwardCategory (CategoryID, AwardEventID, Category_Name) VALUES (8, 3, 'Best Motion Picture - Drama');
-- ... Fill
INSERT INTO AwardCategory (CategoryID, AwardEventID, Category_Name) SELECT 8+LEVEL, 1, 'Category ' || LEVEL FROM DUAL CONNECT BY LEVEL <= 42;

-- 19. Nomination (50 Rows)
INSERT INTO Nomination (NominationID, CategoryID, NomineeTitleID, NomineePersonID, Is_Winner) VALUES (1, 1, 6, NULL, 1); -- Parasite Best Pic
INSERT INTO Nomination (NominationID, CategoryID, NomineeTitleID, NomineePersonID, Is_Winner) VALUES (2, 2, 6, 21, 1); -- Bong Joon Ho Director
INSERT INTO Nomination (NominationID, CategoryID, NomineeTitleID, NomineePersonID, Is_Winner) VALUES (3, 3, 2, 8, 1); -- Ledger Joker (Actually Supporting, but simplified for script)
-- ... Fill
INSERT INTO Nomination (NominationID, CategoryID, NomineeTitleID, Is_Winner) SELECT 3+LEVEL, 1, MOD(LEVEL, 40)+1, 0 FROM DUAL CONNECT BY LEVEL <= 47;

-- 20. StreamingAvailability (50 Rows)
INSERT INTO StreamingAvailability (StreamingAvailabilityID, TitleID, ProviderID, Region, Access_Type) SELECT LEVEL, MOD(LEVEL, 40)+1, MOD(LEVEL, 5)+1, 'US', 'Subscription' FROM DUAL CONNECT BY LEVEL <= 50;

-- 24. TitleCompany (50 Rows)
INSERT INTO TitleCompany (TitleCompanyID, TitleID, CompanyID, Role) VALUES (1, 1, 1, 'Production');
INSERT INTO TitleCompany (TitleCompanyID, TitleID, CompanyID, Role) VALUES (2, 2, 1, 'Production');
INSERT INTO TitleCompany (TitleCompanyID, TitleID, CompanyID, Role) VALUES (3, 3, 3, 'Production');
INSERT INTO TitleCompany (TitleCompanyID, TitleID, CompanyID, Role) VALUES (4, 4, 39, 'Production');
INSERT INTO TitleCompany (TitleCompanyID, TitleID, CompanyID, Role) VALUES (5, 5, 3, 'Production');
INSERT INTO TitleCompany (TitleCompanyID, TitleID, CompanyID, Role) VALUES (6, 6, 24, 'Distributor');
INSERT INTO TitleCompany (TitleCompanyID, TitleID, CompanyID, Role) VALUES (7, 7, 19, 'Production');
INSERT INTO TitleCompany (TitleCompanyID, TitleID, CompanyID, Role) VALUES (8, 8, 7, 'Production');
INSERT INTO TitleCompany (TitleCompanyID, TitleID, CompanyID, Role) VALUES (9, 9, 2, 'Production');
INSERT INTO TitleCompany (TitleCompanyID, TitleID, CompanyID, Role) VALUES (10, 10, 4, 'Production');
INSERT INTO TitleCompany (TitleCompanyID, TitleID, CompanyID, Role) SELECT 10+LEVEL, 10+LEVEL, 1, 'Production' FROM DUAL CONNECT BY LEVEL <= 40;

TRUNCATE TABLE BoxOffice;

INSERT INTO BoxOffice (BoxOfficeID, TitleID, Region, Currency_Code, Budget, Gross_Domestic, Gross_Worldwide, As_Of_Date) VALUES (1, 1, 'United States', 'USD', 160000000, 292576195, 836836967, SYSDATE-300);
INSERT INTO BoxOffice (BoxOfficeID, TitleID, Region, Currency_Code, Budget, Gross_Domestic, Gross_Worldwide, As_Of_Date) VALUES (2, 2, 'United States', 'USD', 185000000, 534858444, 1004558444, SYSDATE-290);
INSERT INTO BoxOffice (BoxOfficeID, TitleID, Region, Currency_Code, Budget, Gross_Domestic, Gross_Worldwide, As_Of_Date) VALUES (3, 3, 'United States', 'USD', 165000000, 188020017, 701729206, SYSDATE-280);
INSERT INTO BoxOffice (BoxOfficeID, TitleID, Region, Currency_Code, Budget, Gross_Domestic, Gross_Worldwide, As_Of_Date) VALUES (4, 4, 'United States', 'USD', 8000000, 107928762, 213928762, SYSDATE-270);
INSERT INTO BoxOffice (BoxOfficeID, TitleID, Region, Currency_Code, Budget, Gross_Domestic, Gross_Worldwide, As_Of_Date) VALUES (5, 5, 'United States', 'USD', 6000000, 134966411, 246120974, SYSDATE-260);
INSERT INTO BoxOffice (BoxOfficeID, TitleID, Region, Currency_Code, Budget, Gross_Domestic, Gross_Worldwide, As_Of_Date) VALUES (6, 6, 'South Korea', 'KRW', 11400000, 53369749, 258773645, SYSDATE-250);
INSERT INTO BoxOffice (BoxOfficeID, TitleID, Region, Currency_Code, Budget, Gross_Domestic, Gross_Worldwide, As_Of_Date) VALUES (7, 7, 'Japan', 'JPY', 19000000, 10000000, 395584898, SYSDATE-240);
INSERT INTO BoxOffice (BoxOfficeID, TitleID, Region, Currency_Code, Budget, Gross_Domestic, Gross_Worldwide, As_Of_Date) VALUES (8, 8, 'United States', 'USD', 25000000, 28341469, 28817291, SYSDATE-230);
INSERT INTO BoxOffice (BoxOfficeID, TitleID, Region, Currency_Code, Budget, Gross_Domestic, Gross_Worldwide, As_Of_Date) VALUES (9, 9, 'United States', 'USD', 22000000, 96898818, 322161245, SYSDATE-220);
INSERT INTO BoxOffice (BoxOfficeID, TitleID, Region, Currency_Code, Budget, Gross_Domestic, Gross_Worldwide, As_Of_Date) VALUES (10, 10, 'United States', 'USD', 93000000, 315544750, 897690072, SYSDATE-210);
INSERT INTO BoxOffice (BoxOfficeID, TitleID, Region, Currency_Code, Budget, Gross_Domestic, Gross_Worldwide, As_Of_Date) VALUES (11, 11, 'United States', 'USD', 63000000, 37030102, 101209702, SYSDATE-200);
INSERT INTO BoxOffice (BoxOfficeID, TitleID, Region, Currency_Code, Budget, Gross_Domestic, Gross_Worldwide, As_Of_Date) VALUES (12, 12, 'United States', 'USD', 55000000, 330455270, 678226133, SYSDATE-190);
INSERT INTO BoxOffice (BoxOfficeID, TitleID, Region, Currency_Code, Budget, Gross_Domestic, Gross_Worldwide, As_Of_Date) VALUES (13, 13, 'United States', 'USD', 63000000, 171479930, 463517383, SYSDATE-180);
INSERT INTO BoxOffice (BoxOfficeID, TitleID, Region, Currency_Code, Budget, Gross_Domestic, Gross_Worldwide, As_Of_Date) VALUES (14, 14, 'United States', 'USD', 25000000, 46836394, 47103304, SYSDATE-170);
INSERT INTO BoxOffice (BoxOfficeID, TitleID, Region, Currency_Code, Budget, Gross_Domestic, Gross_Worldwide, As_Of_Date) VALUES (15, 15, 'United States', 'USD', 33000000, 100125643, 327311859, SYSDATE-160);
INSERT INTO BoxOffice (BoxOfficeID, TitleID, Region, Currency_Code, Budget, Gross_Domestic, Gross_Worldwide, As_Of_Date) VALUES (16, 16, 'Brazil', 'BRL', 3300000, 7563397, 30641770, SYSDATE-150);
INSERT INTO BoxOffice (BoxOfficeID, TitleID, Region, Currency_Code, Budget, Gross_Domestic, Gross_Worldwide, As_Of_Date) VALUES (17, 17, 'Italy', 'EUR', 20000000, 57563264, 230098753, SYSDATE-140);
INSERT INTO BoxOffice (BoxOfficeID, TitleID, Region, Currency_Code, Budget, Gross_Domestic, Gross_Worldwide, As_Of_Date) VALUES (18, 18, 'United States', 'USD', 19000000, 130742922, 272742922, SYSDATE-130);
INSERT INTO BoxOffice (BoxOfficeID, TitleID, Region, Currency_Code, Budget, Gross_Domestic, Gross_Worldwide, As_Of_Date) VALUES (19, 19, 'United States', 'USD', 70000000, 216540909, 481840909, SYSDATE-120);
INSERT INTO BoxOffice (BoxOfficeID, TitleID, Region, Currency_Code, Budget, Gross_Domestic, Gross_Worldwide, As_Of_Date) VALUES (20, 20, 'United States', 'USD', 60000000, 136801374, 286801374, SYSDATE-110);
INSERT INTO BoxOffice (BoxOfficeID, TitleID, Region, Currency_Code, Budget, Gross_Domestic, Gross_Worldwide, As_Of_Date) VALUES (21, 21, 'United States', 'USD', 19000000, 210609762, 388800000, SYSDATE-100);
INSERT INTO BoxOffice (BoxOfficeID, TitleID, Region, Currency_Code, Budget, Gross_Domestic, Gross_Worldwide, As_Of_Date) VALUES (22, 22, 'United States', 'USD', 102000000, 204843345, 520881154, SYSDATE-90);
INSERT INTO BoxOffice (BoxOfficeID, TitleID, Region, Currency_Code, Budget, Gross_Domestic, Gross_Worldwide, As_Of_Date) VALUES (23, 23, 'United States', 'USD', 806947, 32000000, 50000000, SYSDATE-80);
INSERT INTO BoxOffice (BoxOfficeID, TitleID, Region, Currency_Code, Budget, Gross_Domestic, Gross_Worldwide, As_Of_Date) VALUES (24, 24, 'United Kingdom', 'USD', 35000000, 32572577, 120072577, SYSDATE-70);
INSERT INTO BoxOffice (BoxOfficeID, TitleID, Region, Currency_Code, Budget, Gross_Domestic, Gross_Worldwide, As_Of_Date) VALUES (25, 25, 'France', 'USD', 16000000, 19501238, 45501238, SYSDATE-60);
INSERT INTO BoxOffice (BoxOfficeID, TitleID, Region, Currency_Code, Budget, Gross_Domestic, Gross_Worldwide, As_Of_Date) VALUES (26, 26, 'United States', 'USD', 45000000, 422783777, 968511805, SYSDATE-50);
INSERT INTO BoxOffice (BoxOfficeID, TitleID, Region, Currency_Code, Budget, Gross_Domestic, Gross_Worldwide, As_Of_Date) VALUES (27, 27, 'United States', 'USD', 103000000, 187705427, 460583960, SYSDATE-40);
INSERT INTO BoxOffice (BoxOfficeID, TitleID, Region, Currency_Code, Budget, Gross_Domestic, Gross_Worldwide, As_Of_Date) VALUES (28, 28, 'United States', 'USD', 90000000, 132384315, 291465034, SYSDATE-30);
INSERT INTO BoxOffice (BoxOfficeID, TitleID, Region, Currency_Code, Budget, Gross_Domestic, Gross_Worldwide, As_Of_Date) VALUES (29, 29, 'United States', 'USD', 3300000, 13092000, 49396747, SYSDATE-20);
INSERT INTO BoxOffice (BoxOfficeID, TitleID, Region, Currency_Code, Budget, Gross_Domestic, Gross_Worldwide, As_Of_Date) VALUES (30, 30, 'United States', 'USD', 40000000, 53089891, 109676311, SYSDATE-10);
INSERT INTO BoxOffice (BoxOfficeID, TitleID, Region, Currency_Code, Budget, Gross_Domestic, Gross_Worldwide, As_Of_Date) VALUES (31, 31, 'United States', 'USD', 950000, 3700000, 4000000, SYSDATE-300);
INSERT INTO BoxOffice (BoxOfficeID, TitleID, Region, Currency_Code, Budget, Gross_Domestic, Gross_Worldwide, As_Of_Date) VALUES (32, 32, 'United States', 'USD', 1000000, 36764313, 37000000, SYSDATE-290);
INSERT INTO BoxOffice (BoxOfficeID, TitleID, Region, Currency_Code, Budget, Gross_Domestic, Gross_Worldwide, As_Of_Date) VALUES (33, 33, 'United States', 'USD', 11000000, 80931801, 106285522, SYSDATE-280);
INSERT INTO BoxOffice (BoxOfficeID, TitleID, Region, Currency_Code, Budget, Gross_Domestic, Gross_Worldwide, As_Of_Date) VALUES (34, 34, 'United States', 'USD', 31500000, 83471511, 98000000, SYSDATE-270);
INSERT INTO BoxOffice (BoxOfficeID, TitleID, Region, Currency_Code, Budget, Gross_Domestic, Gross_Worldwide, As_Of_Date) VALUES (35, 35, 'United States', 'USD', 9000000, 25544867, 40047236, SYSDATE-260);
INSERT INTO BoxOffice (BoxOfficeID, TitleID, Region, Currency_Code, Budget, Gross_Domestic, Gross_Worldwide, As_Of_Date) VALUES (36, 36, 'United States', 'USD', 18000000, 248159971, 389925971, SYSDATE-250);
INSERT INTO BoxOffice (BoxOfficeID, TitleID, Region, Currency_Code, Budget, Gross_Domestic, Gross_Worldwide, As_Of_Date) VALUES (37, 37, 'United States', 'USD', 100000000, 162805434, 425368238, SYSDATE-240);
INSERT INTO BoxOffice (BoxOfficeID, TitleID, Region, Currency_Code, Budget, Gross_Domestic, Gross_Worldwide, As_Of_Date) VALUES (38, 38, 'United States', 'USD', 180000000, 223808164, 521311860, SYSDATE-230);
INSERT INTO BoxOffice (BoxOfficeID, TitleID, Region, Currency_Code, Budget, Gross_Domestic, Gross_Worldwide, As_Of_Date) VALUES (39, 39, 'Germany', 'EUR', 2000000, 11285219, 77356942, SYSDATE-220);
INSERT INTO BoxOffice (BoxOfficeID, TitleID, Region, Currency_Code, Budget, Gross_Domestic, Gross_Worldwide, As_Of_Date) VALUES (40, 40, 'South Korea', 'KRW', 3000000, 707481, 15000000, SYSDATE-210);
INSERT INTO BoxOffice (BoxOfficeID, TitleID, Region, Currency_Code, Budget, Gross_Domestic, Gross_Worldwide, As_Of_Date) VALUES (41, 41, 'United States', 'USD', 30000000, 0, 0, SYSDATE-200);
INSERT INTO BoxOffice (BoxOfficeID, TitleID, Region, Currency_Code, Budget, Gross_Domestic, Gross_Worldwide, As_Of_Date) VALUES (42, 42, 'United States', 'USD', 100000000, 0, 0, SYSDATE-190);
INSERT INTO BoxOffice (BoxOfficeID, TitleID, Region, Currency_Code, Budget, Gross_Domestic, Gross_Worldwide, As_Of_Date) VALUES (43, 43, 'United States', 'USD', 80000000, 0, 0, SYSDATE-180);
INSERT INTO BoxOffice (BoxOfficeID, TitleID, Region, Currency_Code, Budget, Gross_Domestic, Gross_Worldwide, As_Of_Date) VALUES (44, 44, 'United States', 'USD', 50000000, 0, 0, SYSDATE-170);
INSERT INTO BoxOffice (BoxOfficeID, TitleID, Region, Currency_Code, Budget, Gross_Domestic, Gross_Worldwide, As_Of_Date) VALUES (45, 45, 'United States', 'USD', 65000000, 0, 0, SYSDATE-160);
INSERT INTO BoxOffice (BoxOfficeID, TitleID, Region, Currency_Code, Budget, Gross_Domestic, Gross_Worldwide, As_Of_Date) VALUES (46, 46, 'United States', 'USD', 40000000, 0, 0, SYSDATE-150);
INSERT INTO BoxOffice (BoxOfficeID, TitleID, Region, Currency_Code, Budget, Gross_Domestic, Gross_Worldwide, As_Of_Date) VALUES (47, 47, 'United States', 'USD', 60000000, 0, 0, SYSDATE-140);
INSERT INTO BoxOffice (BoxOfficeID, TitleID, Region, Currency_Code, Budget, Gross_Domestic, Gross_Worldwide, As_Of_Date) VALUES (48, 48, 'United States', 'USD', 125000000, 0, 0, SYSDATE-130);
INSERT INTO BoxOffice (BoxOfficeID, TitleID, Region, Currency_Code, Budget, Gross_Domestic, Gross_Worldwide, As_Of_Date) VALUES (49, 49, 'United States', 'USD', 30000000, 0, 0, SYSDATE-120);
INSERT INTO BoxOffice (BoxOfficeID, TitleID, Region, Currency_Code, Budget, Gross_Domestic, Gross_Worldwide, As_Of_Date) VALUES (50, 50, 'United States', 'USD', 25000000, 0, 0, SYSDATE-110);



TRUNCATE TABLE Media;

INSERT INTO Media (MediaID, TitleID, Media_Type, URL, Width, Height, Is_Primary, Uploaded_Date) VALUES (1, 1, 'Poster', 'https://cdn.imdb.com/images/inception_poster.jpg', 1000, 1500, 1, SYSDATE-300);
INSERT INTO Media (MediaID, TitleID, Media_Type, URL, Width, Height, Is_Primary, Uploaded_Date) VALUES (2, 2, 'Poster', 'https://cdn.imdb.com/images/dark_knight_poster.jpg', 1000, 1500, 1, SYSDATE-290);
INSERT INTO Media (MediaID, TitleID, Media_Type, URL, Width, Height, Is_Primary, Uploaded_Date) VALUES (3, 3, 'Poster', 'https://cdn.imdb.com/images/interstellar_poster.jpg', 1000, 1500, 1, SYSDATE-280);
INSERT INTO Media (MediaID, TitleID, Media_Type, URL, Width, Height, Is_Primary, Uploaded_Date) VALUES (4, 4, 'Poster', 'https://cdn.imdb.com/images/pulp_fiction_poster.jpg', 1000, 1500, 1, SYSDATE-270);
INSERT INTO Media (MediaID, TitleID, Media_Type, URL, Width, Height, Is_Primary, Uploaded_Date) VALUES (5, 5, 'Poster', 'https://cdn.imdb.com/images/godfather_poster.jpg', 1000, 1500, 1, SYSDATE-260);
INSERT INTO Media (MediaID, TitleID, Media_Type, URL, Width, Height, Is_Primary, Uploaded_Date) VALUES (6, 6, 'Poster', 'https://cdn.imdb.com/images/parasite_poster.jpg', 1000, 1500, 1, SYSDATE-250);
INSERT INTO Media (MediaID, TitleID, Media_Type, URL, Width, Height, Is_Primary, Uploaded_Date) VALUES (7, 7, 'Poster', 'https://cdn.imdb.com/images/spirited_away_poster.jpg', 1000, 1500, 1, SYSDATE-240);
INSERT INTO Media (MediaID, TitleID, Media_Type, URL, Width, Height, Is_Primary, Uploaded_Date) VALUES (8, 8, 'Poster', 'https://cdn.imdb.com/images/shawshank_poster.jpg', 1000, 1500, 1, SYSDATE-230);
INSERT INTO Media (MediaID, TitleID, Media_Type, URL, Width, Height, Is_Primary, Uploaded_Date) VALUES (9, 9, 'Poster', 'https://cdn.imdb.com/images/schindlers_list_poster.jpg', 1000, 1500, 1, SYSDATE-220);
INSERT INTO Media (MediaID, TitleID, Media_Type, URL, Width, Height, Is_Primary, Uploaded_Date) VALUES (10, 10, 'Poster', 'https://cdn.imdb.com/images/lotr_poster.jpg', 1000, 1500, 1, SYSDATE-210);
INSERT INTO Media (MediaID, TitleID, Media_Type, URL, Width, Height, Is_Primary, Uploaded_Date) VALUES (11, 11, 'Poster', 'https://cdn.imdb.com/images/fight_club_poster.jpg', 1000, 1500, 1, SYSDATE-200);
INSERT INTO Media (MediaID, TitleID, Media_Type, URL, Width, Height, Is_Primary, Uploaded_Date) VALUES (12, 12, 'Poster', 'https://cdn.imdb.com/images/forrest_gump_poster.jpg', 1000, 1500, 1, SYSDATE-190);
INSERT INTO Media (MediaID, TitleID, Media_Type, URL, Width, Height, Is_Primary, Uploaded_Date) VALUES (13, 13, 'Poster', 'https://cdn.imdb.com/images/matrix_poster.jpg', 1000, 1500, 1, SYSDATE-180);
INSERT INTO Media (MediaID, TitleID, Media_Type, URL, Width, Height, Is_Primary, Uploaded_Date) VALUES (14, 14, 'Poster', 'https://cdn.imdb.com/images/goodfellas_poster.jpg', 1000, 1500, 1, SYSDATE-170);
INSERT INTO Media (MediaID, TitleID, Media_Type, URL, Width, Height, Is_Primary, Uploaded_Date) VALUES (15, 15, 'Poster', 'https://cdn.imdb.com/images/seven_poster.jpg', 1000, 1500, 1, SYSDATE-160);
INSERT INTO Media (MediaID, TitleID, Media_Type, URL, Width, Height, Is_Primary, Uploaded_Date) VALUES (16, 16, 'Poster', 'https://cdn.imdb.com/images/city_of_god_poster.jpg', 1000, 1500, 1, SYSDATE-150);
INSERT INTO Media (MediaID, TitleID, Media_Type, URL, Width, Height, Is_Primary, Uploaded_Date) VALUES (17, 17, 'Poster', 'https://cdn.imdb.com/images/life_is_beautiful_poster.jpg', 1000, 1500, 1, SYSDATE-140);
INSERT INTO Media (MediaID, TitleID, Media_Type, URL, Width, Height, Is_Primary, Uploaded_Date) VALUES (18, 18, 'Poster', 'https://cdn.imdb.com/images/silence_lambs_poster.jpg', 1000, 1500, 1, SYSDATE-130);
INSERT INTO Media (MediaID, TitleID, Media_Type, URL, Width, Height, Is_Primary, Uploaded_Date) VALUES (19, 19, 'Poster', 'https://cdn.imdb.com/images/saving_private_ryan_poster.jpg', 1000, 1500, 1, SYSDATE-120);
INSERT INTO Media (MediaID, TitleID, Media_Type, URL, Width, Height, Is_Primary, Uploaded_Date) VALUES (20, 20, 'Poster', 'https://cdn.imdb.com/images/green_mile_poster.jpg', 1000, 1500, 1, SYSDATE-110);
INSERT INTO Media (MediaID, TitleID, Media_Type, URL, Width, Height, Is_Primary, Uploaded_Date) VALUES (21, 21, 'Poster', 'https://cdn.imdb.com/images/bttf_poster.jpg', 1000, 1500, 1, SYSDATE-100);
INSERT INTO Media (MediaID, TitleID, Media_Type, URL, Width, Height, Is_Primary, Uploaded_Date) VALUES (22, 22, 'Poster', 'https://cdn.imdb.com/images/t2_poster.jpg', 1000, 1500, 1, SYSDATE-90);
INSERT INTO Media (MediaID, TitleID, Media_Type, URL, Width, Height, Is_Primary, Uploaded_Date) VALUES (23, 23, 'Poster', 'https://cdn.imdb.com/images/psycho_poster.jpg', 1000, 1500, 1, SYSDATE-80);
INSERT INTO Media (MediaID, TitleID, Media_Type, URL, Width, Height, Is_Primary, Uploaded_Date) VALUES (24, 24, 'Poster', 'https://cdn.imdb.com/images/pianist_poster.jpg', 1000, 1500, 1, SYSDATE-70);
INSERT INTO Media (MediaID, TitleID, Media_Type, URL, Width, Height, Is_Primary, Uploaded_Date) VALUES (25, 25, 'Poster', 'https://cdn.imdb.com/images/leon_poster.jpg', 1000, 1500, 1, SYSDATE-60);
INSERT INTO Media (MediaID, TitleID, Media_Type, URL, Width, Height, Is_Primary, Uploaded_Date) VALUES (26, 26, 'Poster', 'https://cdn.imdb.com/images/lion_king_poster.jpg', 1000, 1500, 1, SYSDATE-50);
INSERT INTO Media (MediaID, TitleID, Media_Type, URL, Width, Height, Is_Primary, Uploaded_Date) VALUES (27, 27, 'Poster', 'https://cdn.imdb.com/images/gladiator_poster.jpg', 1000, 1500, 1, SYSDATE-40);
INSERT INTO Media (MediaID, TitleID, Media_Type, URL, Width, Height, Is_Primary, Uploaded_Date) VALUES (28, 28, 'Poster', 'https://cdn.imdb.com/images/departed_poster.jpg', 1000, 1500, 1, SYSDATE-30);
INSERT INTO Media (MediaID, TitleID, Media_Type, URL, Width, Height, Is_Primary, Uploaded_Date) VALUES (29, 29, 'Poster', 'https://cdn.imdb.com/images/whiplash_poster.jpg', 1000, 1500, 1, SYSDATE-20);
INSERT INTO Media (MediaID, TitleID, Media_Type, URL, Width, Height, Is_Primary, Uploaded_Date) VALUES (30, 30, 'Poster', 'https://cdn.imdb.com/images/prestige_poster.jpg', 1000, 1500, 1, SYSDATE-10);
INSERT INTO Media (MediaID, TitleID, Media_Type, URL, Width, Height, Is_Primary, Uploaded_Date) VALUES (31, 31, 'Poster', 'https://cdn.imdb.com/images/casablanca_poster.jpg', 1000, 1500, 1, SYSDATE-300);
INSERT INTO Media (MediaID, TitleID, Media_Type, URL, Width, Height, Is_Primary, Uploaded_Date) VALUES (32, 32, 'Poster', 'https://cdn.imdb.com/images/rear_window_poster.jpg', 1000, 1500, 1, SYSDATE-290);
INSERT INTO Media (MediaID, TitleID, Media_Type, URL, Width, Height, Is_Primary, Uploaded_Date) VALUES (33, 33, 'Poster', 'https://cdn.imdb.com/images/alien_poster.jpg', 1000, 1500, 1, SYSDATE-280);
INSERT INTO Media (MediaID, TitleID, Media_Type, URL, Width, Height, Is_Primary, Uploaded_Date) VALUES (34, 34, 'Poster', 'https://cdn.imdb.com/images/apocalypse_now_poster.jpg', 1000, 1500, 1, SYSDATE-270);
INSERT INTO Media (MediaID, TitleID, Media_Type, URL, Width, Height, Is_Primary, Uploaded_Date) VALUES (35, 35, 'Poster', 'https://cdn.imdb.com/images/memento_poster.jpg', 1000, 1500, 1, SYSDATE-260);
INSERT INTO Media (MediaID, TitleID, Media_Type, URL, Width, Height, Is_Primary, Uploaded_Date) VALUES (36, 36, 'Poster', 'https://cdn.imdb.com/images/raiders_poster.jpg', 1000, 1500, 1, SYSDATE-250);
INSERT INTO Media (MediaID, TitleID, Media_Type, URL, Width, Height, Is_Primary, Uploaded_Date) VALUES (37, 37, 'Poster', 'https://cdn.imdb.com/images/django_poster.jpg', 1000, 1500, 1, SYSDATE-240);
INSERT INTO Media (MediaID, TitleID, Media_Type, URL, Width, Height, Is_Primary, Uploaded_Date) VALUES (38, 38, 'Poster', 'https://cdn.imdb.com/images/walle_poster.jpg', 1000, 1500, 1, SYSDATE-230);
INSERT INTO Media (MediaID, TitleID, Media_Type, URL, Width, Height, Is_Primary, Uploaded_Date) VALUES (39, 39, 'Poster', 'https://cdn.imdb.com/images/lives_others_poster.jpg', 1000, 1500, 1, SYSDATE-220);
INSERT INTO Media (MediaID, TitleID, Media_Type, URL, Width, Height, Is_Primary, Uploaded_Date) VALUES (40, 40, 'Poster', 'https://cdn.imdb.com/images/oldboy_poster.jpg', 1000, 1500, 1, SYSDATE-210);
INSERT INTO Media (MediaID, TitleID, Media_Type, URL, Width, Height, Is_Primary, Uploaded_Date) VALUES (41, 41, 'Poster', 'https://cdn.imdb.com/images/breaking_bad_poster.jpg', 1000, 1500, 1, SYSDATE-200);
INSERT INTO Media (MediaID, TitleID, Media_Type, URL, Width, Height, Is_Primary, Uploaded_Date) VALUES (42, 42, 'Poster', 'https://cdn.imdb.com/images/got_poster.jpg', 1000, 1500, 1, SYSDATE-190);
INSERT INTO Media (MediaID, TitleID, Media_Type, URL, Width, Height, Is_Primary, Uploaded_Date) VALUES (43, 43, 'Poster', 'https://cdn.imdb.com/images/stranger_things_poster.jpg', 1000, 1500, 1, SYSDATE-180);
INSERT INTO Media (MediaID, TitleID, Media_Type, URL, Width, Height, Is_Primary, Uploaded_Date) VALUES (44, 44, 'Poster', 'https://cdn.imdb.com/images/office_poster.jpg', 1000, 1500, 1, SYSDATE-170);
INSERT INTO Media (MediaID, TitleID, Media_Type, URL, Width, Height, Is_Primary, Uploaded_Date) VALUES (45, 45, 'Poster', 'https://cdn.imdb.com/images/sopranos_poster.jpg', 1000, 1500, 1, SYSDATE-160);
INSERT INTO Media (MediaID, TitleID, Media_Type, URL, Width, Height, Is_Primary, Uploaded_Date) VALUES (46, 46, 'Poster', 'https://cdn.imdb.com/images/chernobyl_poster.jpg', 1000, 1500, 1, SYSDATE-150);
INSERT INTO Media (MediaID, TitleID, Media_Type, URL, Width, Height, Is_Primary, Uploaded_Date) VALUES (47, 47, 'Poster', 'https://cdn.imdb.com/images/wire_poster.jpg', 1000, 1500, 1, SYSDATE-140);
INSERT INTO Media (MediaID, TitleID, Media_Type, URL, Width, Height, Is_Primary, Uploaded_Date) VALUES (48, 48, 'Poster', 'https://cdn.imdb.com/images/band_brothers_poster.jpg', 1000, 1500, 1, SYSDATE-130);
INSERT INTO Media (MediaID, TitleID, Media_Type, URL, Width, Height, Is_Primary, Uploaded_Date) VALUES (49, 49, 'Poster', 'https://cdn.imdb.com/images/rick_morty_poster.jpg', 1000, 1500, 1, SYSDATE-120);
INSERT INTO Media (MediaID, TitleID, Media_Type, URL, Width, Height, Is_Primary, Uploaded_Date) VALUES (50, 50, 'Poster', 'https://cdn.imdb.com/images/avatar_poster.jpg', 1000, 1500, 1, SYSDATE-110);
INSERT INTO Media (MediaID, TitleID, Media_Type, URL, Width, Height, Is_Primary, Uploaded_Date) VALUES (51, 1, 'Trailer', 'https://cdn.imdb.com/videos/inception_trailer.mp4', 1920, 1080, 0, SYSDATE-299);
INSERT INTO Media (MediaID, TitleID, Media_Type, URL, Width, Height, Is_Primary, Uploaded_Date) VALUES (52, 2, 'Trailer', 'https://cdn.imdb.com/videos/dark_knight_trailer.mp4', 1920, 1080, 0, SYSDATE-289);
INSERT INTO Media (MediaID, TitleID, Media_Type, URL, Width, Height, Is_Primary, Uploaded_Date) VALUES (53, 3, 'Backdrop', 'https://cdn.imdb.com/images/interstellar_bg.jpg', 3840, 2160, 0, SYSDATE-279);
INSERT INTO Media (MediaID, TitleID, Media_Type, URL, Width, Height, Is_Primary, Uploaded_Date) VALUES (54, 4, 'Trailer', 'https://cdn.imdb.com/videos/pulp_fiction_trailer.mp4', 1920, 1080, 0, SYSDATE-269);
INSERT INTO Media (MediaID, TitleID, Media_Type, URL, Width, Height, Is_Primary, Uploaded_Date) VALUES (55, 6, 'Trailer', 'https://cdn.imdb.com/videos/parasite_trailer.mp4', 1920, 1080, 0, SYSDATE-249);
INSERT INTO Media (MediaID, TitleID, Media_Type, URL, Width, Height, Is_Primary, Uploaded_Date) VALUES (56, 13, 'Backdrop', 'https://cdn.imdb.com/images/matrix_bg.jpg', 3840, 2160, 0, SYSDATE-179);
INSERT INTO Media (MediaID, TitleID, Media_Type, URL, Width, Height, Is_Primary, Uploaded_Date) VALUES (57, 26, 'Backdrop', 'https://cdn.imdb.com/images/lion_king_bg.jpg', 3840, 2160, 0, SYSDATE-49);
INSERT INTO Media (MediaID, TitleID, Media_Type, URL, Width, Height, Is_Primary, Uploaded_Date) VALUES (58, 41, 'Trailer', 'https://cdn.imdb.com/videos/breaking_bad_trailer.mp4', 1920, 1080, 0, SYSDATE-199);
INSERT INTO Media (MediaID, TitleID, Media_Type, URL, Width, Height, Is_Primary, Uploaded_Date) VALUES (59, 42, 'Backdrop', 'https://cdn.imdb.com/images/got_bg.jpg', 3840, 2160, 0, SYSDATE-189);
INSERT INTO Media (MediaID, TitleID, Media_Type, URL, Width, Height, Is_Primary, Uploaded_Date) VALUES (60, 50, 'Trailer', 'https://cdn.imdb.com/videos/avatar_trailer.mp4', 1920, 1080, 0, SYSDATE-109);

TRUNCATE TABLE TitleRelationship;

INSERT INTO TitleRelationship (TitleRelationshipID, FromTitleID, ToTitleID, Relationship_Type) VALUES (1, 1, 3, 'Shared Director');
INSERT INTO TitleRelationship (TitleRelationshipID, FromTitleID, ToTitleID, Relationship_Type) VALUES (2, 2, 1, 'Shared Director');
INSERT INTO TitleRelationship (TitleRelationshipID, FromTitleID, ToTitleID, Relationship_Type) VALUES (3, 3, 30, 'Shared Director');
INSERT INTO TitleRelationship (TitleRelationshipID, FromTitleID, ToTitleID, Relationship_Type) VALUES (4, 30, 35, 'Shared Director');
INSERT INTO TitleRelationship (TitleRelationshipID, FromTitleID, ToTitleID, Relationship_Type) VALUES (5, 5, 14, 'Similar Genre');
INSERT INTO TitleRelationship (TitleRelationshipID, FromTitleID, ToTitleID, Relationship_Type) VALUES (6, 14, 28, 'Similar Genre');
INSERT INTO TitleRelationship (TitleRelationshipID, FromTitleID, ToTitleID, Relationship_Type) VALUES (7, 4, 37, 'Shared Director');
INSERT INTO TitleRelationship (TitleRelationshipID, FromTitleID, ToTitleID, Relationship_Type) VALUES (8, 11, 15, 'Shared Director');
INSERT INTO TitleRelationship (TitleRelationshipID, FromTitleID, ToTitleID, Relationship_Type) VALUES (9, 6, 40, 'Shared Country');
INSERT INTO TitleRelationship (TitleRelationshipID, FromTitleID, ToTitleID, Relationship_Type) VALUES (10, 7, 26, 'Animation');
INSERT INTO TitleRelationship (TitleRelationshipID, FromTitleID, ToTitleID, Relationship_Type) VALUES (11, 8, 20, 'Shared Director');
INSERT INTO TitleRelationship (TitleRelationshipID, FromTitleID, ToTitleID, Relationship_Type) VALUES (12, 9, 24, 'Similar Topic');
INSERT INTO TitleRelationship (TitleRelationshipID, FromTitleID, ToTitleID, Relationship_Type) VALUES (13, 10, 42, 'Fantasy Epic');
INSERT INTO TitleRelationship (TitleRelationshipID, FromTitleID, ToTitleID, Relationship_Type) VALUES (14, 13, 1, 'Reality Bending');
INSERT INTO TitleRelationship (TitleRelationshipID, FromTitleID, ToTitleID, Relationship_Type) VALUES (15, 17, 24, 'Holocaust Theme');
INSERT INTO TitleRelationship (TitleRelationshipID, FromTitleID, ToTitleID, Relationship_Type) VALUES (16, 18, 15, 'Serial Killer Thriller');
INSERT INTO TitleRelationship (TitleRelationshipID, FromTitleID, ToTitleID, Relationship_Type) VALUES (17, 19, 48, 'WWII Setting');
INSERT INTO TitleRelationship (TitleRelationshipID, FromTitleID, ToTitleID, Relationship_Type) VALUES (18, 21, 43, '80s Nostalgia');
INSERT INTO TitleRelationship (TitleRelationshipID, FromTitleID, ToTitleID, Relationship_Type) VALUES (19, 22, 13, 'Sci-Fi Action');
INSERT INTO TitleRelationship (TitleRelationshipID, FromTitleID, ToTitleID, Relationship_Type) VALUES (20, 23, 32, 'Classic Suspense');
INSERT INTO TitleRelationship (TitleRelationshipID, FromTitleID, ToTitleID, Relationship_Type) VALUES (21, 25, 40, 'Revenge Theme');
INSERT INTO TitleRelationship (TitleRelationshipID, FromTitleID, ToTitleID, Relationship_Type) VALUES (22, 27, 36, 'Historical Epic');
INSERT INTO TitleRelationship (TitleRelationshipID, FromTitleID, ToTitleID, Relationship_Type) VALUES (23, 29, 11, 'Psychological Drama');
INSERT INTO TitleRelationship (TitleRelationshipID, FromTitleID, ToTitleID, Relationship_Type) VALUES (24, 31, 32, 'Golden Age Cinema');
INSERT INTO TitleRelationship (TitleRelationshipID, FromTitleID, ToTitleID, Relationship_Type) VALUES (25, 33, 3, 'Space Setting');
INSERT INTO TitleRelationship (TitleRelationshipID, FromTitleID, ToTitleID, Relationship_Type) VALUES (26, 34, 19, 'War Drama');
INSERT INTO TitleRelationship (TitleRelationshipID, FromTitleID, ToTitleID, Relationship_Type) VALUES (27, 38, 49, 'Sci-Fi Adventure');
INSERT INTO TitleRelationship (TitleRelationshipID, FromTitleID, ToTitleID, Relationship_Type) VALUES (28, 39, 16, 'Foreign Masterpiece');
INSERT INTO TitleRelationship (TitleRelationshipID, FromTitleID, ToTitleID, Relationship_Type) VALUES (29, 41, 45, 'Anti-Hero Lead');
INSERT INTO TitleRelationship (TitleRelationshipID, FromTitleID, ToTitleID, Relationship_Type) VALUES (30, 41, 47, 'Crime Drama');
INSERT INTO TitleRelationship (TitleRelationshipID, FromTitleID, ToTitleID, Relationship_Type) VALUES (31, 43, 21, 'Shared Vibe');
INSERT INTO TitleRelationship (TitleRelationshipID, FromTitleID, ToTitleID, Relationship_Type) VALUES (32, 44, 49, 'Comedy Series');
INSERT INTO TitleRelationship (TitleRelationshipID, FromTitleID, ToTitleID, Relationship_Type) VALUES (33, 46, 9, 'Historical Tragedy');
INSERT INTO TitleRelationship (TitleRelationshipID, FromTitleID, ToTitleID, Relationship_Type) VALUES (34, 50, 7, 'World Building');
INSERT INTO TitleRelationship (TitleRelationshipID, FromTitleID, ToTitleID, Relationship_Type) VALUES (35, 12, 8, 'Inspiring Drama');
INSERT INTO TitleRelationship (TitleRelationshipID, FromTitleID, ToTitleID, Relationship_Type) VALUES (36, 16, 47, 'Gritty Realism');
INSERT INTO TitleRelationship (TitleRelationshipID, FromTitleID, ToTitleID, Relationship_Type) VALUES (37, 2, 35, 'Shared Director');
INSERT INTO TitleRelationship (TitleRelationshipID, FromTitleID, ToTitleID, Relationship_Type) VALUES (38, 45, 5, 'Mob Theme');
INSERT INTO TitleRelationship (TitleRelationshipID, FromTitleID, ToTitleID, Relationship_Type) VALUES (39, 4, 11, 'Cult Classic');
INSERT INTO TitleRelationship (TitleRelationshipID, FromTitleID, ToTitleID, Relationship_Type) VALUES (40, 36, 10, 'Adventure');
INSERT INTO TitleRelationship (TitleRelationshipID, FromTitleID, ToTitleID, Relationship_Type) VALUES (41, 26, 7, 'Animated Classic');
INSERT INTO TitleRelationship (TitleRelationshipID, FromTitleID, ToTitleID, Relationship_Type) VALUES (42, 15, 18, 'Crime Thriller');
INSERT INTO TitleRelationship (TitleRelationshipID, FromTitleID, ToTitleID, Relationship_Type) VALUES (43, 42, 10, 'Fantasy Series');
INSERT INTO TitleRelationship (TitleRelationshipID, FromTitleID, ToTitleID, Relationship_Type) VALUES (44, 48, 19, 'War Series');
INSERT INTO TitleRelationship (TitleRelationshipID, FromTitleID, ToTitleID, Relationship_Type) VALUES (45, 24, 9, 'WWII Survival');
INSERT INTO TitleRelationship (TitleRelationshipID, FromTitleID, ToTitleID, Relationship_Type) VALUES (46, 37, 4, 'Stylized Violence');
INSERT INTO TitleRelationship (TitleRelationshipID, FromTitleID, ToTitleID, Relationship_Type) VALUES (47, 20, 8, 'Prison Setting');
INSERT INTO TitleRelationship (TitleRelationshipID, FromTitleID, ToTitleID, Relationship_Type) VALUES (48, 1, 13, 'Sci-Fi');
INSERT INTO TitleRelationship (TitleRelationshipID, FromTitleID, ToTitleID, Relationship_Type) VALUES (49, 28, 5, 'Gangster');
INSERT INTO TitleRelationship (TitleRelationshipID, FromTitleID, ToTitleID, Relationship_Type) VALUES (50, 41, 46, 'Critically Acclaimed');

TRUNCATE TABLE AlternateTitle;

INSERT INTO AlternateTitle (AlternateTitleID, TitleID, Alt_Title_Text, Region, LanguageID) VALUES (1, 1, 'El Origen', 'MX', 2);
INSERT INTO AlternateTitle (AlternateTitleID, TitleID, Alt_Title_Text, Region, LanguageID) VALUES (2, 1, 'A Origem', 'BR', 10);
INSERT INTO AlternateTitle (AlternateTitleID, TitleID, Alt_Title_Text, Region, LanguageID) VALUES (3, 1, 'Inception - O Comeo', 'PT', 10);
INSERT INTO AlternateTitle (AlternateTitleID, TitleID, Alt_Title_Text, Region, LanguageID) VALUES (4, 2, 'Batman: Le Chevalier Noir', 'FR', 3);
INSERT INTO AlternateTitle (AlternateTitleID, TitleID, Alt_Title_Text, Region, LanguageID) VALUES (5, 2, 'El Caballero de la Noche', 'AR', 2);
INSERT INTO AlternateTitle (AlternateTitleID, TitleID, Alt_Title_Text, Region, LanguageID) VALUES (6, 2, 'Batman: The Dark Knight', 'DE', 4);
INSERT INTO AlternateTitle (AlternateTitleID, TitleID, Alt_Title_Text, Region, LanguageID) VALUES (7, 3, 'Interstellar: Odisea Espacial', 'ES', 2);
INSERT INTO AlternateTitle (AlternateTitleID, TitleID, Alt_Title_Text, Region, LanguageID) VALUES (8, 3, 'Interstellar - A viajem', 'BR', 10);
INSERT INTO AlternateTitle (AlternateTitleID, TitleID, Alt_Title_Text, Region, LanguageID) VALUES (9, 4, 'Tiempos Violentos', 'MX', 2);
INSERT INTO AlternateTitle (AlternateTitleID, TitleID, Alt_Title_Text, Region, LanguageID) VALUES (10, 4, 'Pulp Fiction: Fiction Pulpeuse', 'CA', 3);
INSERT INTO AlternateTitle (AlternateTitleID, TitleID, Alt_Title_Text, Region, LanguageID) VALUES (11, 5, 'Le Parrain', 'FR', 3);
INSERT INTO AlternateTitle (AlternateTitleID, TitleID, Alt_Title_Text, Region, LanguageID) VALUES (12, 5, 'Der Pate', 'DE', 4);
INSERT INTO AlternateTitle (AlternateTitleID, TitleID, Alt_Title_Text, Region, LanguageID) VALUES (13, 5, 'El Padrino', 'ES', 2);
INSERT INTO AlternateTitle (AlternateTitleID, TitleID, Alt_Title_Text, Region, LanguageID) VALUES (14, 5, 'Il Padrino', 'IT', 9);
INSERT INTO AlternateTitle (AlternateTitleID, TitleID, Alt_Title_Text, Region, LanguageID) VALUES (15, 6, 'Gisaengchung', 'KR', 6);
INSERT INTO AlternateTitle (AlternateTitleID, TitleID, Alt_Title_Text, Region, LanguageID) VALUES (16, 6, 'Parasitos', 'MX', 2);
INSERT INTO AlternateTitle (AlternateTitleID, TitleID, Alt_Title_Text, Region, LanguageID) VALUES (17, 6, 'Gisaengchung: The Parasite', 'JP', 5);
INSERT INTO AlternateTitle (AlternateTitleID, TitleID, Alt_Title_Text, Region, LanguageID) VALUES (18, 7, 'Sen to Chihiro no Kamikakushi', 'JP', 5);
INSERT INTO AlternateTitle (AlternateTitleID, TitleID, Alt_Title_Text, Region, LanguageID) VALUES (19, 7, 'El Viaje de Chihiro', 'ES', 2);
INSERT INTO AlternateTitle (AlternateTitleID, TitleID, Alt_Title_Text, Region, LanguageID) VALUES (20, 7, 'Le Voyage de Chihiro', 'FR', 3);
INSERT INTO AlternateTitle (AlternateTitleID, TitleID, Alt_Title_Text, Region, LanguageID) VALUES (21, 7, 'Chihiros Reise ins Zauberland', 'DE', 4);
INSERT INTO AlternateTitle (AlternateTitleID, TitleID, Alt_Title_Text, Region, LanguageID) VALUES (22, 8, 'Les Evades', 'FR', 3);
INSERT INTO AlternateTitle (AlternateTitleID, TitleID, Alt_Title_Text, Region, LanguageID) VALUES (23, 8, 'Sueno de Fuga', 'MX', 2);
INSERT INTO AlternateTitle (AlternateTitleID, TitleID, Alt_Title_Text, Region, LanguageID) VALUES (24, 8, 'Die Verurteilten', 'DE', 4);
INSERT INTO AlternateTitle (AlternateTitleID, TitleID, Alt_Title_Text, Region, LanguageID) VALUES (25, 10, 'El Senor de los Anillos: La Comunidad del Anillo', 'ES', 2);
INSERT INTO AlternateTitle (AlternateTitleID, TitleID, Alt_Title_Text, Region, LanguageID) VALUES (26, 10, 'Le Seigneur des Anneaux: La Communaute de lAnneau', 'FR', 3);
INSERT INTO AlternateTitle (AlternateTitleID, TitleID, Alt_Title_Text, Region, LanguageID) VALUES (27, 10, 'Der Herr der Ringe: Die Gefahrten', 'DE', 4);
INSERT INTO AlternateTitle (AlternateTitleID, TitleID, Alt_Title_Text, Region, LanguageID) VALUES (28, 11, 'El Club de la Pelea', 'MX', 2);
INSERT INTO AlternateTitle (AlternateTitleID, TitleID, Alt_Title_Text, Region, LanguageID) VALUES (29, 11, 'Clube da Luta', 'BR', 10);
INSERT INTO AlternateTitle (AlternateTitleID, TitleID, Alt_Title_Text, Region, LanguageID) VALUES (30, 13, 'Matrix', 'FR', 3);
INSERT INTO AlternateTitle (AlternateTitleID, TitleID, Alt_Title_Text, Region, LanguageID) VALUES (31, 13, 'Hei Ke Di Guo', 'CN', 8);
INSERT INTO AlternateTitle (AlternateTitleID, TitleID, Alt_Title_Text, Region, LanguageID) VALUES (32, 16, 'Cidade de Deus', 'BR', 10);
INSERT INTO AlternateTitle (AlternateTitleID, TitleID, Alt_Title_Text, Region, LanguageID) VALUES (33, 16, 'La Cite de Dieu', 'FR', 3);
INSERT INTO AlternateTitle (AlternateTitleID, TitleID, Alt_Title_Text, Region, LanguageID) VALUES (34, 16, 'Ciudad de Dios', 'ES', 2);
INSERT INTO AlternateTitle (AlternateTitleID, TitleID, Alt_Title_Text, Region, LanguageID) VALUES (35, 17, 'La vita e bella', 'IT', 9);
INSERT INTO AlternateTitle (AlternateTitleID, TitleID, Alt_Title_Text, Region, LanguageID) VALUES (36, 17, 'La Vie est Belle', 'FR', 3);
INSERT INTO AlternateTitle (AlternateTitleID, TitleID, Alt_Title_Text, Region, LanguageID) VALUES (37, 17, 'Das Leben ist schon', 'DE', 4);
INSERT INTO AlternateTitle (AlternateTitleID, TitleID, Alt_Title_Text, Region, LanguageID) VALUES (38, 21, 'Volver al Futuro', 'MX', 2);
INSERT INTO AlternateTitle (AlternateTitleID, TitleID, Alt_Title_Text, Region, LanguageID) VALUES (39, 21, 'Retour vers le Futur', 'FR', 3);
INSERT INTO AlternateTitle (AlternateTitleID, TitleID, Alt_Title_Text, Region, LanguageID) VALUES (40, 21, 'De Volta para o Futuro', 'BR', 10);
INSERT INTO AlternateTitle (AlternateTitleID, TitleID, Alt_Title_Text, Region, LanguageID) VALUES (41, 22, 'Terminator 2: Le Jugement Dernier', 'FR', 3);
INSERT INTO AlternateTitle (AlternateTitleID, TitleID, Alt_Title_Text, Region, LanguageID) VALUES (42, 22, 'Terminator 2: El Juicio Final', 'ES', 2);
INSERT INTO AlternateTitle (AlternateTitleID, TitleID, Alt_Title_Text, Region, LanguageID) VALUES (43, 26, 'El Rey Leon', 'ES', 2);
INSERT INTO AlternateTitle (AlternateTitleID, TitleID, Alt_Title_Text, Region, LanguageID) VALUES (44, 26, 'Le Roi Lion', 'FR', 3);
INSERT INTO AlternateTitle (AlternateTitleID, TitleID, Alt_Title_Text, Region, LanguageID) VALUES (45, 26, 'Der Konig der Lowen', 'DE', 4);
INSERT INTO AlternateTitle (AlternateTitleID, TitleID, Alt_Title_Text, Region, LanguageID) VALUES (46, 41, 'Metastasis', 'CO', 2);
INSERT INTO AlternateTitle (AlternateTitleID, TitleID, Alt_Title_Text, Region, LanguageID) VALUES (47, 41, 'Le Chimiste', 'CA', 3);
INSERT INTO AlternateTitle (AlternateTitleID, TitleID, Alt_Title_Text, Region, LanguageID) VALUES (48, 42, 'Juego de Tronos', 'ES', 2);
INSERT INTO AlternateTitle (AlternateTitleID, TitleID, Alt_Title_Text, Region, LanguageID) VALUES (49, 42, 'Le Trone de Fer', 'FR', 3);
INSERT INTO AlternateTitle (AlternateTitleID, TitleID, Alt_Title_Text, Region, LanguageID) VALUES (50, 42, 'Das Lied von Eis und Feuer', 'DE', 4);


TRUNCATE TABLE ListItem;
DELETE FROM List;

INSERT INTO List (ListID, UserID, Name, Description, Is_Public, Is_WatchList) VALUES (1, 1, 'My Top 10 Sci-Fi', 'The best science fiction movies of all time.', 1, 0);
INSERT INTO List (ListID, UserID, Name, Description, Is_Public, Is_WatchList) VALUES (2, 1, 'Watchlist 2024', 'Movies I need to catch up on this year.', 0, 1);
INSERT INTO List (ListID, UserID, Name, Description, Is_Public, Is_WatchList) VALUES (3, 2, 'Oscar Winners', 'Every Best Picture winner I have seen.', 1, 0);
INSERT INTO List (ListID, UserID, Name, Description, Is_Public, Is_WatchList) VALUES (4, 3, 'Mind Benders', 'Movies that require a second viewing.', 1, 0);
INSERT INTO List (ListID, UserID, Name, Description, Is_Public, Is_WatchList) VALUES (5, 4, 'Date Night Movies', 'Rom-coms and lighthearted stuff.', 0, 0);
INSERT INTO List (ListID, UserID, Name, Description, Is_Public, Is_WatchList) VALUES (6, 5, 'Horror Marathon', 'For Halloween night.', 1, 0);
INSERT INTO List (ListID, UserID, Name, Description, Is_Public, Is_WatchList) VALUES (7, 6, 'Studio Ghibli Ranked', NULL, 1, 0);
INSERT INTO List (ListID, UserID, Name, Description, Is_Public, Is_WatchList) VALUES (8, 7, 'Cyberpunk Essentials', 'High tech, low life.', 1, 0);
INSERT INTO List (ListID, UserID, Name, Description, Is_Public, Is_WatchList) VALUES (9, 8, 'Comfort Movies', 'Films I watch when I am sad.', 0, 0);
INSERT INTO List (ListID, UserID, Name, Description, Is_Public, Is_WatchList) VALUES (10, 9, 'Tarantinoverse', 'All things Quentin.', 1, 0);
INSERT INTO List (ListID, UserID, Name, Description, Is_Public, Is_WatchList) VALUES (11, 10, 'Action Packed', 'Explosions and car chases.', 1, 0);
INSERT INTO List (ListID, UserID, Name, Description, Is_Public, Is_WatchList) VALUES (12, 11, 'Sad Movies', 'Guaranteed to make you cry.', 1, 0);
INSERT INTO List (ListID, UserID, Name, Description, Is_Public, Is_WatchList) VALUES (13, 12, 'MCU Timeline', 'Marvel movies in chronological order.', 1, 0);
INSERT INTO List (ListID, UserID, Name, Description, Is_Public, Is_WatchList) VALUES (14, 13, 'Hidden Gems', 'Underrated movies nobody talks about.', 1, 0);
INSERT INTO List (ListID, UserID, Name, Description, Is_Public, Is_WatchList) VALUES (15, 14, '90s Nostalgia', 'Best movies from the 1990s.', 1, 0);
INSERT INTO List (ListID, UserID, Name, Description, Is_Public, Is_WatchList) VALUES (16, 15, 'Documentaries', 'Educational and interesting.', 1, 0);
INSERT INTO List (ListID, UserID, Name, Description, Is_Public, Is_WatchList) VALUES (17, 16, 'War Epics', 'Band of Brothers, Saving Private Ryan, etc.', 1, 0);
INSERT INTO List (ListID, UserID, Name, Description, Is_Public, Is_WatchList) VALUES (18, 17, 'Animation for Adults', NULL, 1, 0);
INSERT INTO List (ListID, UserID, Name, Description, Is_Public, Is_WatchList) VALUES (19, 18, 'Black and White Classics', 'Old school cinema.', 1, 0);
INSERT INTO List (ListID, UserID, Name, Description, Is_Public, Is_WatchList) VALUES (20, 19, 'Plot Twists', 'Movies with shocking endings.', 1, 0);
INSERT INTO List (ListID, UserID, Name, Description, Is_Public, Is_WatchList) VALUES (21, 20, 'TV Shows to Binge', NULL, 1, 1);
INSERT INTO List (ListID, UserID, Name, Description, Is_Public, Is_WatchList) VALUES (22, 21, 'Based on True Stories', NULL, 1, 0);
INSERT INTO List (ListID, UserID, Name, Description, Is_Public, Is_WatchList) VALUES (23, 22, 'Gangster Paradise', 'Mob movies and crime dramas.', 1, 0);
INSERT INTO List (ListID, UserID, Name, Description, Is_Public, Is_WatchList) VALUES (24, 23, 'Space Opera', 'Star Wars, Dune, etc.', 1, 0);
INSERT INTO List (ListID, UserID, Name, Description, Is_Public, Is_WatchList) VALUES (25, 24, 'Weekend Watch', NULL, 0, 1);
INSERT INTO List (ListID, UserID, Name, Description, Is_Public, Is_WatchList) VALUES (26, 25, 'Political Thrillers', NULL, 1, 0);
INSERT INTO List (ListID, UserID, Name, Description, Is_Public, Is_WatchList) VALUES (27, 26, 'Zombie Apocalypse', 'Walking Dead vibes.', 1, 0);
INSERT INTO List (ListID, UserID, Name, Description, Is_Public, Is_WatchList) VALUES (28, 27, 'Time Travel Logic', 'Movies that mess with time.', 1, 0);
INSERT INTO List (ListID, UserID, Name, Description, Is_Public, Is_WatchList) VALUES (29, 28, 'Summer Blockbusters', NULL, 1, 0);
INSERT INTO List (ListID, UserID, Name, Description, Is_Public, Is_WatchList) VALUES (30, 29, 'Favorites', NULL, 1, 0);
INSERT INTO List (ListID, UserID, Name, Description, Is_Public, Is_WatchList) VALUES (31, 30, 'To Watch with Parents', 'Safe for family viewing.', 1, 0);
INSERT INTO List (ListID, UserID, Name, Description, Is_Public, Is_WatchList) VALUES (32, 31, 'Cult Classics', 'Rocky Horror, Fight Club, etc.', 1, 0);
INSERT INTO List (ListID, UserID, Name, Description, Is_Public, Is_WatchList) VALUES (33, 32, 'Director: Nolan', 'Ranking Christopher Nolan films.', 1, 0);
INSERT INTO List (ListID, UserID, Name, Description, Is_Public, Is_WatchList) VALUES (34, 33, 'Director: Scorsese', 'Ranking Martin Scorsese films.', 1, 0);
INSERT INTO List (ListID, UserID, Name, Description, Is_Public, Is_WatchList) VALUES (35, 34, 'Foreign Language Gems', 'Parasite, City of God, etc.', 1, 0);
INSERT INTO List (ListID, UserID, Name, Description, Is_Public, Is_WatchList) VALUES (36, 35, 'Feel Good Movies', 'Instant serotonin.', 1, 0);
INSERT INTO List (ListID, UserID, Name, Description, Is_Public, Is_WatchList) VALUES (37, 36, 'Psychological Horror', NULL, 1, 0);
INSERT INTO List (ListID, UserID, Name, Description, Is_Public, Is_WatchList) VALUES (38, 37, 'Coming of Age', NULL, 1, 0);
INSERT INTO List (ListID, UserID, Name, Description, Is_Public, Is_WatchList) VALUES (39, 38, 'Musicals', 'Singing and dancing.', 1, 0);
INSERT INTO List (ListID, UserID, Name, Description, Is_Public, Is_WatchList) VALUES (40, 39, 'Bad Movies', 'So bad they are good.', 1, 0);
INSERT INTO List (ListID, UserID, Name, Description, Is_Public, Is_WatchList) VALUES (41, 40, 'Survival Stories', 'Man vs Nature.', 1, 0);
INSERT INTO List (ListID, UserID, Name, Description, Is_Public, Is_WatchList) VALUES (42, 41, 'Westerns', 'Cowboys and outlaws.', 1, 0);
INSERT INTO List (ListID, UserID, Name, Description, Is_Public, Is_WatchList) VALUES (43, 42, 'Spy Thrillers', 'Bond, Bourne, Hunt.', 1, 0);
INSERT INTO List (ListID, UserID, Name, Description, Is_Public, Is_WatchList) VALUES (44, 43, 'Fantasy Worlds', 'LOTR, Harry Potter.', 1, 0);
INSERT INTO List (ListID, UserID, Name, Description, Is_Public, Is_WatchList) VALUES (45, 44, 'Courtroom Dramas', 'You cant handle the truth.', 1, 0);
INSERT INTO List (ListID, UserID, Name, Description, Is_Public, Is_WatchList) VALUES (46, 45, 'Sports Movies', 'Underdog stories.', 1, 0);
INSERT INTO List (ListID, UserID, Name, Description, Is_Public, Is_WatchList) VALUES (47, 46, 'Heist Movies', 'One last job.', 1, 0);
INSERT INTO List (ListID, UserID, Name, Description, Is_Public, Is_WatchList) VALUES (48, 47, 'Christmas Movies', 'Die Hard is a Christmas movie.', 1, 0);
INSERT INTO List (ListID, UserID, Name, Description, Is_Public, Is_WatchList) VALUES (49, 48, 'Must Watch TV', 'Sopranos, Wire, Breaking Bad.', 1, 1);
INSERT INTO List (ListID, UserID, Name, Description, Is_Public, Is_WatchList) VALUES (50, 49, 'Epic Failures', 'Box office bombs.', 1, 0);

INSERT INTO ListItem (ListItemID, ListID, TitleID, Position, Added_Date) VALUES (1, 1, 1, 1, SYSDATE-200);
INSERT INTO ListItem (ListItemID, ListID, TitleID, Position, Added_Date) VALUES (2, 1, 3, 2, SYSDATE-200);
INSERT INTO ListItem (ListItemID, ListID, TitleID, Position, Added_Date) VALUES (3, 1, 13, 3, SYSDATE-200);
INSERT INTO ListItem (ListItemID, ListID, TitleID, Position, Added_Date) VALUES (4, 1, 21, 4, SYSDATE-200);
INSERT INTO ListItem (ListItemID, ListID, TitleID, Position, Added_Date) VALUES (5, 1, 22, 5, SYSDATE-200);
INSERT INTO ListItem (ListItemID, ListID, TitleID, Position, Added_Date) VALUES (6, 3, 5, 1, SYSDATE-150);
INSERT INTO ListItem (ListItemID, ListID, TitleID, Position, Added_Date) VALUES (7, 3, 6, 2, SYSDATE-150);
INSERT INTO ListItem (ListItemID, ListID, TitleID, Position, Added_Date) VALUES (8, 3, 9, 3, SYSDATE-150);
INSERT INTO ListItem (ListItemID, ListID, TitleID, Position, Added_Date) VALUES (9, 3, 12, 4, SYSDATE-150);
INSERT INTO ListItem (ListItemID, ListID, TitleID, Position, Added_Date) VALUES (10, 3, 27, 5, SYSDATE-150);
INSERT INTO ListItem (ListItemID, ListID, TitleID, Position, Added_Date) VALUES (11, 4, 1, 1, SYSDATE-100);
INSERT INTO ListItem (ListItemID, ListID, TitleID, Position, Added_Date) VALUES (12, 4, 30, 2, SYSDATE-100);
INSERT INTO ListItem (ListItemID, ListID, TitleID, Position, Added_Date) VALUES (13, 4, 35, 3, SYSDATE-100);
INSERT INTO ListItem (ListItemID, ListID, TitleID, Position, Added_Date) VALUES (14, 4, 11, 4, SYSDATE-100);
INSERT INTO ListItem (ListItemID, ListID, TitleID, Position, Added_Date) VALUES (15, 7, 7, 1, SYSDATE-300);
INSERT INTO ListItem (ListItemID, ListID, TitleID, Position, Added_Date) VALUES (16, 10, 4, 1, SYSDATE-50);
INSERT INTO ListItem (ListItemID, ListID, TitleID, Position, Added_Date) VALUES (17, 10, 37, 2, SYSDATE-50);
INSERT INTO ListItem (ListItemID, ListID, TitleID, Position, Added_Date) VALUES (18, 13, 2, 1, SYSDATE-20);
INSERT INTO ListItem (ListItemID, ListID, TitleID, Position, Added_Date) VALUES (19, 15, 4, 1, SYSDATE-40);
INSERT INTO ListItem (ListItemID, ListID, TitleID, Position, Added_Date) VALUES (20, 15, 8, 2, SYSDATE-40);
INSERT INTO ListItem (ListItemID, ListID, TitleID, Position, Added_Date) VALUES (21, 15, 26, 3, SYSDATE-40);
INSERT INTO ListItem (ListItemID, ListID, TitleID, Position, Added_Date) VALUES (22, 15, 13, 4, SYSDATE-40);
INSERT INTO ListItem (ListItemID, ListID, TitleID, Position, Added_Date) VALUES (23, 20, 11, 1, SYSDATE-60);
INSERT INTO ListItem (ListItemID, ListID, TitleID, Position, Added_Date) VALUES (24, 20, 15, 2, SYSDATE-60);
INSERT INTO ListItem (ListItemID, ListID, TitleID, Position, Added_Date) VALUES (25, 20, 30, 3, SYSDATE-60);
INSERT INTO ListItem (ListItemID, ListID, TitleID, Position, Added_Date) VALUES (26, 23, 5, 1, SYSDATE-80);
INSERT INTO ListItem (ListItemID, ListID, TitleID, Position, Added_Date) VALUES (27, 23, 14, 2, SYSDATE-80);
INSERT INTO ListItem (ListItemID, ListID, TitleID, Position, Added_Date) VALUES (28, 23, 28, 3, SYSDATE-80);
INSERT INTO ListItem (ListItemID, ListID, TitleID, Position, Added_Date) VALUES (29, 23, 16, 4, SYSDATE-80);
INSERT INTO ListItem (ListItemID, ListID, TitleID, Position, Added_Date) VALUES (30, 33, 2, 1, SYSDATE-10);
INSERT INTO ListItem (ListItemID, ListID, TitleID, Position, Added_Date) VALUES (31, 33, 1, 2, SYSDATE-10);
INSERT INTO ListItem (ListItemID, ListID, TitleID, Position, Added_Date) VALUES (32, 33, 3, 3, SYSDATE-10);
INSERT INTO ListItem (ListItemID, ListID, TitleID, Position, Added_Date) VALUES (33, 33, 30, 4, SYSDATE-10);
INSERT INTO ListItem (ListItemID, ListID, TitleID, Position, Added_Date) VALUES (34, 33, 35, 5, SYSDATE-10);
INSERT INTO ListItem (ListItemID, ListID, TitleID, Position, Added_Date) VALUES (35, 48, 41, 1, SYSDATE-5);
INSERT INTO ListItem (ListItemID, ListID, TitleID, Position, Added_Date) VALUES (36, 48, 42, 2, SYSDATE-5);
INSERT INTO ListItem (ListItemID, ListID, TitleID, Position, Added_Date) VALUES (37, 48, 45, 3, SYSDATE-5);
INSERT INTO ListItem (ListItemID, ListID, TitleID, Position, Added_Date) VALUES (38, 48, 47, 4, SYSDATE-5);
INSERT INTO ListItem (ListItemID, ListID, TitleID, Position, Added_Date) VALUES (39, 41, 19, 1, SYSDATE-30);
INSERT INTO ListItem (ListItemID, ListID, TitleID, Position, Added_Date) VALUES (40, 43, 2, 1, SYSDATE-30);
INSERT INTO ListItem (ListItemID, ListID, TitleID, Position, Added_Date) VALUES (41, 44, 10, 1, SYSDATE-30);
INSERT INTO ListItem (ListItemID, ListID, TitleID, Position, Added_Date) VALUES (42, 35, 6, 1, SYSDATE-30);
INSERT INTO ListItem (ListItemID, ListID, TitleID, Position, Added_Date) VALUES (43, 35, 16, 2, SYSDATE-30);
INSERT INTO ListItem (ListItemID, ListID, TitleID, Position, Added_Date) VALUES (44, 35, 17, 3, SYSDATE-30);
INSERT INTO ListItem (ListItemID, ListID, TitleID, Position, Added_Date) VALUES (45, 35, 24, 4, SYSDATE-30);
INSERT INTO ListItem (ListItemID, ListID, TitleID, Position, Added_Date) VALUES (46, 35, 25, 5, SYSDATE-30);
INSERT INTO ListItem (ListItemID, ListID, TitleID, Position, Added_Date) VALUES (47, 35, 39, 6, SYSDATE-30);
INSERT INTO ListItem (ListItemID, ListID, TitleID, Position, Added_Date) VALUES (48, 35, 40, 7, SYSDATE-30);
INSERT INTO ListItem (ListItemID, ListID, TitleID, Position, Added_Date) VALUES (49, 40, 11, 1, SYSDATE-30);
INSERT INTO ListItem (ListItemID, ListID, TitleID, Position, Added_Date) VALUES (50, 42, 37, 1, SYSDATE-30);

TRUNCATE TABLE Review;

INSERT INTO Review (ReviewID, UserID, TitleID, Review_Title, Review_Text, Rating, Posted_Date) VALUES (1, 1, 1, 'Mind-bending Masterpiece', 'Nolan delivers yet again. The visual effects were stunning and the story kept me guessing until the end.', 10, SYSDATE-120);
INSERT INTO Review (ReviewID, UserID, TitleID, Review_Title, Review_Text, Rating, Posted_Date) VALUES (2, 2, 1, 'Confusing but beautiful', 'I had to watch it twice to understand the dream layers, but it was worth it.', 8, SYSDATE-119);
INSERT INTO Review (ReviewID, UserID, TitleID, Review_Title, Review_Text, Rating, Posted_Date) VALUES (3, 3, 2, 'The definitive Batman', 'Heath Ledger is absolutely haunting as the Joker. Best superhero movie ever made.', 10, SYSDATE-118);
INSERT INTO Review (ReviewID, UserID, TitleID, Review_Title, Review_Text, Rating, Posted_Date) VALUES (4, 4, 2, 'A bit too dark', 'Great acting, but the tone was incredibly bleak. Not for kids.', 7, SYSDATE-117);
INSERT INTO Review (ReviewID, UserID, TitleID, Review_Title, Review_Text, Rating, Posted_Date) VALUES (5, 5, 3, 'Visual spectacle', 'The space scenes are breathtaking. The plot gets a little messy in the third act though.', 8, SYSDATE-116);
INSERT INTO Review (ReviewID, UserID, TitleID, Review_Title, Review_Text, Rating, Posted_Date) VALUES (6, 6, 3, 'Emotional rollercoaster', 'I cried at the end. A beautiful story about fatherhood disguised as a sci-fi epic.', 9, SYSDATE-115);
INSERT INTO Review (ReviewID, UserID, TitleID, Review_Title, Review_Text, Rating, Posted_Date) VALUES (7, 7, 4, 'Classic Tarantino', 'Sharp dialogue, violence, and great music. What else do you expect?', 9, SYSDATE-114);
INSERT INTO Review (ReviewID, UserID, TitleID, Review_Title, Review_Text, Rating, Posted_Date) VALUES (8, 8, 4, 'Overrated', 'It felt disjointed and too long. I do not get the hype.', 5, SYSDATE-113);
INSERT INTO Review (ReviewID, UserID, TitleID, Review_Title, Review_Text, Rating, Posted_Date) VALUES (9, 9, 5, 'The perfect film', 'You cannot refuse this movie. Pacino and Brando are legends.', 10, SYSDATE-112);
INSERT INTO Review (ReviewID, UserID, TitleID, Review_Title, Review_Text, Rating, Posted_Date) VALUES (10, 10, 5, 'Slow burn', 'It takes a while to get going, but the payoff is immense.', 8, SYSDATE-111);
INSERT INTO Review (ReviewID, UserID, TitleID, Review_Title, Review_Text, Rating, Posted_Date) VALUES (11, 11, 6, 'Social commentary at its finest', 'Funny, scary, and heartbreaking all at once. Deserved the Oscar.', 10, SYSDATE-110);
INSERT INTO Review (ReviewID, UserID, TitleID, Review_Title, Review_Text, Rating, Posted_Date) VALUES (12, 12, 7, 'Magical journey', 'Studio Ghibli never disappoints. The animation is timeless.', 10, SYSDATE-109);
INSERT INTO Review (ReviewID, UserID, TitleID, Review_Title, Review_Text, Rating, Posted_Date) VALUES (13, 13, 8, 'Hope is a good thing', 'One of the few movies that actually changes your outlook on life.', 10, SYSDATE-108);
INSERT INTO Review (ReviewID, UserID, TitleID, Review_Title, Review_Text, Rating, Posted_Date) VALUES (14, 14, 8, 'A bit sentimental', 'It is a good story, but feels a bit manipulative with the emotions.', 7, SYSDATE-107);
INSERT INTO Review (ReviewID, UserID, TitleID, Review_Title, Review_Text, Rating, Posted_Date) VALUES (15, 15, 9, 'Heartbreaking history', 'Difficult to watch, but essential viewing. Spielbergs best work.', 10, SYSDATE-106);
INSERT INTO Review (ReviewID, UserID, TitleID, Review_Title, Review_Text, Rating, Posted_Date) VALUES (16, 16, 10, 'Epic fantasy', 'Peter Jackson brought Middle Earth to life perfectly.', 9, SYSDATE-105);
INSERT INTO Review (ReviewID, UserID, TitleID, Review_Title, Review_Text, Rating, Posted_Date) VALUES (17, 17, 10, 'Too much walking', 'The scenery is nice, but the pacing is incredibly slow.', 6, SYSDATE-104);
INSERT INTO Review (ReviewID, UserID, TitleID, Review_Title, Review_Text, Rating, Posted_Date) VALUES (18, 18, 11, 'Unique and gritty', 'The twist blew my mind. Fincher is a genius.', 9, SYSDATE-103);
INSERT INTO Review (ReviewID, UserID, TitleID, Review_Title, Review_Text, Rating, Posted_Date) VALUES (19, 19, 12, 'Life is like a box of chocolates', 'Tom Hanks is charming, but the history is a bit sugarcoated.', 8, SYSDATE-102);
INSERT INTO Review (ReviewID, UserID, TitleID, Review_Title, Review_Text, Rating, Posted_Date) VALUES (20, 20, 13, 'Changed action movies forever', 'The bullet time effects still look cool today.', 9, SYSDATE-101);
INSERT INTO Review (ReviewID, UserID, TitleID, Review_Title, Review_Text, Rating, Posted_Date) VALUES (21, 21, 14, 'Intense mob drama', 'Better than The Godfather in my opinion. Faster paced.', 9, SYSDATE-100);
INSERT INTO Review (ReviewID, UserID, TitleID, Review_Title, Review_Text, Rating, Posted_Date) VALUES (22, 22, 15, 'Depressing but brilliant', 'The ending scene will stay with me forever.', 9, SYSDATE-99);
INSERT INTO Review (ReviewID, UserID, TitleID, Review_Title, Review_Text, Rating, Posted_Date) VALUES (23, 23, 16, 'Raw and real', 'The cinematography in the favelas is incredible.', 10, SYSDATE-98);
INSERT INTO Review (ReviewID, UserID, TitleID, Review_Title, Review_Text, Rating, Posted_Date) VALUES (24, 24, 17, 'Beautiful tragedy', 'Managing to find humor in such a dark time is a true feat.', 9, SYSDATE-97);
INSERT INTO Review (ReviewID, UserID, TitleID, Review_Title, Review_Text, Rating, Posted_Date) VALUES (25, 25, 18, 'Chilling', 'Anthony Hopkins does so much with so little screen time.', 10, SYSDATE-96);
INSERT INTO Review (ReviewID, UserID, TitleID, Review_Title, Review_Text, Rating, Posted_Date) VALUES (26, 26, 19, 'Visceral war movie', 'The opening D-Day sequence is intense.', 9, SYSDATE-95);
INSERT INTO Review (ReviewID, UserID, TitleID, Review_Title, Review_Text, Rating, Posted_Date) VALUES (27, 27, 20, 'Too long', 'Great acting, but did it need to be 3 hours long?', 6, SYSDATE-94);
INSERT INTO Review (ReviewID, UserID, TitleID, Review_Title, Review_Text, Rating, Posted_Date) VALUES (28, 28, 21, 'Perfect 80s nostalgia', 'Just pure fun from start to finish.', 10, SYSDATE-93);
INSERT INTO Review (ReviewID, UserID, TitleID, Review_Title, Review_Text, Rating, Posted_Date) VALUES (29, 29, 22, 'Better than the first', 'One of the few sequels that surpasses the original.', 9, SYSDATE-92);
INSERT INTO Review (ReviewID, UserID, TitleID, Review_Title, Review_Text, Rating, Posted_Date) VALUES (30, 30, 23, 'Suspenseful', 'Hitchcock really knew how to build tension.', 8, SYSDATE-91);
INSERT INTO Review (ReviewID, UserID, TitleID, Review_Title, Review_Text, Rating, Posted_Date) VALUES (31, 31, 41, 'Best TV show ever', 'Watching Walt transform is terrifying and fascinating.', 10, SYSDATE-90);
INSERT INTO Review (ReviewID, UserID, TitleID, Review_Title, Review_Text, Rating, Posted_Date) VALUES (32, 32, 41, 'Stressful to watch', 'I had to take breaks because it was so intense.', 9, SYSDATE-89);
INSERT INTO Review (ReviewID, UserID, TitleID, Review_Title, Review_Text, Rating, Posted_Date) VALUES (33, 33, 42, 'Great until the end', 'Seasons 1-6 are gold. Season 8 was a letdown.', 7, SYSDATE-88);
INSERT INTO Review (ReviewID, UserID, TitleID, Review_Title, Review_Text, Rating, Posted_Date) VALUES (34, 34, 43, 'Nostalgia overload', 'Fun references, but the plot is getting repetitive.', 7, SYSDATE-87);
INSERT INTO Review (ReviewID, UserID, TitleID, Review_Title, Review_Text, Rating, Posted_Date) VALUES (35, 35, 44, 'Hilarious', 'Michael Scott is the best character in TV history.', 10, SYSDATE-86);
INSERT INTO Review (ReviewID, UserID, TitleID, Review_Title, Review_Text, Rating, Posted_Date) VALUES (36, 36, 45, 'Complex characters', 'Tony Soprano is the ultimate anti-hero.', 10, SYSDATE-85);
INSERT INTO Review (ReviewID, UserID, TitleID, Review_Title, Review_Text, Rating, Posted_Date) VALUES (37, 37, 46, 'Horrifyingly real', 'A masterclass in tension and historical drama.', 10, SYSDATE-84);
INSERT INTO Review (ReviewID, UserID, TitleID, Review_Title, Review_Text, Rating, Posted_Date) VALUES (38, 38, 47, 'Slow but rewarding', 'Requires patience, but the payoff is unmatched.', 9, SYSDATE-83);
INSERT INTO Review (ReviewID, UserID, TitleID, Review_Title, Review_Text, Rating, Posted_Date) VALUES (39, 39, 24, 'Moved me to tears', 'Brody gives the performance of a lifetime.', 9, SYSDATE-82);
INSERT INTO Review (ReviewID, UserID, TitleID, Review_Title, Review_Text, Rating, Posted_Date) VALUES (40, 40, 25, 'Action with heart', 'The relationship between Leon and Mathilda is touching.', 8, SYSDATE-81);
INSERT INTO Review (ReviewID, UserID, TitleID, Review_Title, Review_Text, Rating, Posted_Date) VALUES (41, 1, 26, 'Childhood favorite', 'The music, the animation, everything is perfect.', 10, SYSDATE-80);
INSERT INTO Review (ReviewID, UserID, TitleID, Review_Title, Review_Text, Rating, Posted_Date) VALUES (42, 2, 27, 'Are you not entertained?', 'Crowe is fantastic. A true epic.', 9, SYSDATE-79);
INSERT INTO Review (ReviewID, UserID, TitleID, Review_Title, Review_Text, Rating, Posted_Date) VALUES (43, 3, 28, 'Twisty thriller', 'Keeps you on the edge of your seat the whole time.', 8, SYSDATE-78);
INSERT INTO Review (ReviewID, UserID, TitleID, Review_Title, Review_Text, Rating, Posted_Date) VALUES (44, 4, 29, 'Anxiety inducing', 'JK Simmons is terrifying. Incredible movie.', 9, SYSDATE-77);
INSERT INTO Review (ReviewID, UserID, TitleID, Review_Title, Review_Text, Rating, Posted_Date) VALUES (45, 5, 30, 'Clever plot', 'Nolan does magic better than anyone else.', 8, SYSDATE-76);
INSERT INTO Review (ReviewID, UserID, TitleID, Review_Title, Review_Text, Rating, Posted_Date) VALUES (46, 6, 31, 'Timeless romance', 'Here is looking at you, kid. Classic.', 10, SYSDATE-75);
INSERT INTO Review (ReviewID, UserID, TitleID, Review_Title, Review_Text, Rating, Posted_Date) VALUES (47, 7, 32, 'Voyeuristic thriller', 'Simple premise executed perfectly.', 9, SYSDATE-74);
INSERT INTO Review (ReviewID, UserID, TitleID, Review_Title, Review_Text, Rating, Posted_Date) VALUES (48, 8, 33, 'Pure sci-fi horror', 'The xenomorph design is still scary.', 9, SYSDATE-73);
INSERT INTO Review (ReviewID, UserID, TitleID, Review_Title, Review_Text, Rating, Posted_Date) VALUES (49, 9, 34, 'Descent into madness', 'A difficult watch, but visually stunning.', 8, SYSDATE-72);
INSERT INTO Review (ReviewID, UserID, TitleID, Review_Title, Review_Text, Rating, Posted_Date) VALUES (50, 10, 35, 'Requires attention', 'Watching it backwards is a unique experience.', 8, SYSDATE-71);